HOLEID,ESTE,NORTE,COTA,LARGO,Proyecto
00QDR-043,2536139.51,6713017.55,2459,252,QDD_Main
00QDR-044,2536141.09,6713013.56,2459,244,QDD_Main
00QDR-045,2535985.41,6713122.21,2420,228.3,QDD_Main
00QDR-046,2536045.78,6713134.21,2427.5,270,QDD_Main
00QDR-047,2535864.24,6713049.71,2448.26,310,QDD_Main
00QDR-048,2535863,6713056.4,2447.95,350,QDD_Main
00QDR-049,2535971.27,6713040.63,2480,340,QDD_Main
00QDR-050,2536065.84,6713017.26,2491,310,QDD_Main
00QDR-051,2536125.26,6712906.02,2511,226,QDD_Main
00QDR-052,2535949.22,6712948.55,2545,354,QDD_Main
00QDR-053,2536506.8,6712767.45,2589.38,188,QDD_Main
00QDR-054,2534235.94,6713417.9,2470.5,54,QDD_Main
00QDR-055,2534684.19,6713924.64,2112.9,196,QDD_Main
00QDR-056,2534685.55,6713918.1,2112.9,115,QDD_Main
00QDR-057,2535399.18,6713257.2,2146.24,250,QDD_Main
00QDR-058,2535114.89,6713422.26,2054,100,QDD_Main
04QD-106,2535647.51,6713105.66,2135,124.75,QDD_Main
04QD-107,2535646.66,6713104.6,2138.36,119.8,QDD_Main
04QD-108,2535654.83,6713105.6,2134.5,240.7,QDD_Main
04QD-109,2535656.36,6713107.35,2134.5,227.35,QDD_Main
04QDR-059,2535540.08,6713608.76,1985.75,250,QDD_Main
04QDR-060,2535538.19,6713612.92,1985.75,245.5,QDD_Main
04QDR-061,2535536.69,6713613.76,1985.75,216,QDD_Main
04QDR-062,2534167.69,6714163.6,2102.5,174,QDD_Main
04QDR-063,2534165.44,6714162.79,2102.5,258,QDD_Main
04QDR-064,2534165.5,6714164.35,2102.5,180,QDD_Main
04QDR-065,2534709.32,6713847.42,2111.99,200,QDD_Main
04QDR-066,2535862.66,6713053.06,2448,372,QDD_Main
04QDR-067,2535861.61,6713053.01,2447.99,245,QDD_Main
04QDR-068,2535862.12,6713053.27,2447.98,402,QDD_Main
04QDR-069,2535864.39,6713057.32,2447.94,452,QDD_Main
04QDR-070,2535943.55,6713067.09,2462.1,404,QDD_Main
04QDR-071,2536093.57,6713057.99,2465.82,302,QDD_Main
04QDR-072,2536001.2,6713103.72,2436.5,212,QDD_Main
04QDR-073,2535998.96,6713108.76,2436.5,310,QDD_Main
04QDR-074,2535999.08,6713110.6,2436.5,350,QDD_Main
04QDR-075,2536046.13,6713141.64,2427.5,300,QDD_Main
04QDR-076,2536046.18,6713133.3,2427.5,271,QDD_Main
04QDR-077,2535972.72,6713134.58,2420,319,QDD_Main
04QDR-078,2536047.12,6713141.32,2427.5,300,QDD_Main
04QDR-079,2533843.41,6713761.53,2354.54,274,QDD_Main
04QDR-080,2533844.11,6713759.84,2354.48,276,QDD_Main
04QDR-081,2533806.55,6713724.51,2355.3,306,QDD_Main
04QDR-082,2533802.85,6713719.25,2355.28,270,QDD_Main
04QDR-083,2534289.2,6713566.68,2388.7,206,QDD_Main
04QDR-084,2534295.36,6713573.7,2388.37,230,QDD_Main
04QDR-085,2534698.34,6713857.62,2111.99,200,QDD_Main
04QDR-086,2534697.59,6713898.38,2113.02,150,QDD_Main
04QDR-087,2534687.23,6713950.76,2110,198,QDD_Main
04QDR-088,2534682.1,6713955.94,2109.83,199,QDD_Main
04QDR-089,2534207.6,6714082.05,2105.06,295,QDD_Main
04QDR-090,2534265.79,6714258.44,1973.65,300,QDD_Main
04QDR-091,2534065.88,6714229.3,1997.04,253,QDD_Main
04QDR-092,2535944.33,6713061.42,2462.1,306,QDD_Main
04QDR-093,2536087.12,6713053.86,2466.18,240,QDD_Main
04QDR-094,2536044.03,6713086.45,2457.75,180,QDD_Main
04QDR-095,2535901.66,6713013.3,2481,348,QDD_Main
04QDR-096,2533845.93,6713753.62,2354.74,240,QDD_Main
04QDR-097,2536048.89,6713140.38,2427.5,240,QDD_Main
04QDR-098,2534894.3,6713793.43,2028.5,162,QDD_Main
04QDR-099,2535253.44,6713344.11,2057.76,264,QDD_Main
04QDR-100,2535352.45,6713274.48,2105,200,QDD_Main
04QDR-101,2535463.27,6713324.35,2123.14,156,QDD_Main
04QDR-102,2535448.77,6713248.96,2115.56,199,QDD_Main
04QDR-103,2534350.73,6714049.39,2091.9,186,QDD_Main
04QDR-104,2534317.05,6714041.21,2095.51,198,QDD_Main
04QDR-105,2535593.64,6713558.86,1978,84,QDD_Main
05QD-110,2535658.06,6713108.91,2134.5,40.8,QDD_Main
05QD-111,2535657.16,6713110.04,2134.5,71.75,QDD_Main
05QD-112,2535649.41,6713106.76,2134.5,154.4,QDD_Main
05QD-113,2535627.75,6713157.57,2123,146.75,QDD_Main
05QD-114,2535627.9,6713157.63,2124.17,104.5,QDD_Main
05QD-115,2535630.29,6713156.13,2124.66,225.25,QDD_Main
05QD-116,2535629.79,6713156.08,2126.38,168.15,QDD_Main
05QD-117,2535629.01,6713156.83,2124.59,141.5,QDD_Main
05QD-118,2535627.75,6713157.57,2126.08,89.35,QDD_Main
05QD-119,2535636.56,6713148.75,2125.61,270.15,QDD_Main
05QD-120,2535599.49,6713177.35,2114.79,107.3,QDD_Main
05QD-121,2535596.85,6713177.78,2116.55,92.3,QDD_Main
05QD-122,2535572.28,6713155.45,2107.5,109.3,QDD_Main
05QD-123,2535575.12,6713154.65,2107.5,120.1,QDD_Main
05QD-124,2535573.18,6713148.91,2111,168.55,QDD_Main
05QD-125,2535573.36,6713149.93,2108,138.65,QDD_Main
05QD-126,2535517.89,6713242.4,2075.6,138.2,QDD_Main
05QD-127,2535526.04,6713177.3,2094.02,148.7,QDD_Main
05QD-128,2535525.55,6713177.02,2095.91,124.1,QDD_Main
05QD-129,2535548.59,6713193.28,2088,143.8,QDD_Main
05QD-130,2536070.2,6713018.77,2491,200.2,QDD_Main
05QD-131,2535552.14,6713198.64,2093.32,68.6,QDD_Main
05QD-132,2535865.56,6713049.54,2448.21,279.8,QDD_Main
05QD-133,2535441.93,6713246.41,2118.26,191.2,QDD_Main
05QD-134,2535986.39,6713123.21,2420,349,QDD_Main
05QD-135,2535442.49,6713245.98,2121.74,243.7,QDD_Main
05QD-136,2536054.75,6713157.17,2408.5,310.55,QDD_Main
05QD-137,2535349.71,6713269.88,2106.13,194,QDD_Main
05QD-138,2536353.89,6713096.22,2312,185.3,QDD_Main
05QD-139,2535294.58,6713282.52,2095.63,176.55,QDD_Main
05QD-140,2536395.02,6713113.73,2310,280.85,QDD_Main
05QD-141,2535241.44,6713298.43,2077.14,138.7,QDD_Main
05QD-142,2535123.61,6713361.99,2063.8,188.1,QDD_Main
05QD-143,2535187.26,6713345.21,2066.04,280.8,QDD_Main
05QD-144,2535861.75,6713057.93,2448,352.2,QDD_Main
05QD-145,2535116.68,6713364.76,2063.82,176.7,QDD_Main
05QD-146,2535999.25,6713103.89,2436.5,345.8,QDD_Main
05QD-147,2535446.33,6713244.86,2116.34,221.1,QDD_Main
05QD-148,2536047.27,6713138.15,2428,267.4,QDD_Main
05QD-149,2535294.81,6713283.68,2092.71,193.1,QDD_Main
05QD-150,2535974.67,6713131.91,2420,237.5,QDD_Main
05QD-151,2535187.52,6713345.38,2065.19,292.45,QDD_Main
05QD-153,2535231.62,6713298.37,2078.77,234.95,QDD_Main
05QD-155,2535120.62,6713362.29,2063.8,347.35,QDD_Main
05QD-156,2535003.04,6713492.73,2028.2,288.6,QDD_Main
05QD-158,2535004.54,6713489.53,2030.96,367.7,QDD_Main
05QD-159,2534929.07,6713581.6,2037.85,322.5,QDD_Main
05QD-160,2535119.7,6713362.37,2066.51,250.2,QDD_Main
05QD-161,2535241.91,6713296.42,2079.24,178.9,QDD_Main
05QD-162,2535872.25,6713113.26,2408,472,QDD_Main
05QD-163,2535241.86,6713297.01,2074.7,196.8,QDD_Main
05QD-164,2535350.3,6713268.91,2108.61,191.6,QDD_Main
05QD-165,2535349.85,6713271.37,2106.25,206.2,QDD_Main
05QD-170,2535871.17,6713119.53,2408,423.3,QDD_Main
05QD-171,2535447.36,6713242.32,2118.86,22.6,QDD_Main
05QD-172,2535447.71,6713243.61,2116.59,251.2,QDD_Main
05QD-173,2535526.05,6713177.65,2091.42,140,QDD_Main
05QD-174,2535526.27,6713177.32,2092.94,181.5,QDD_Main
05QD-175,2535526.2,6713177.15,2096.89,95.5,QDD_Main
05QD-179,2534802.48,6713823.27,2033.06,133.3,QDD_Main
05QD-180,2534800.12,6713835.97,2033.18,131.5,QDD_Main
05QD-183,2535873.34,6713119.49,2408,350.5,QDD_Main
05QD-185,2534399.01,6713958.04,2080,60.85,QDD_Main
05QD-188,2534317.91,6714043.18,2095.51,119.1,QDD_Main
05QD-193,2534212.04,6714081.31,2105.04,191.2,QDD_Main
05QD-195,2535874.33,6713114.85,2408,291.7,QDD_Main
05QD-200,2535879.09,6713109.92,2408,145,QDD_Main
05QD-201,2536050.76,6713150.56,2409.45,178.3,QDD_Main
05QD-202,2534210.51,6714065.14,2109.37,219.2,QDD_Main
05QD-204,2536049.54,6713150.71,2409.81,239.3,QDD_Main
05QD-205,2536108.99,6713192.86,2355,232.7,QDD_Main
05QD-206,2534062.43,6714227.55,1996.81,161.2,QDD_Main
05QD-207,2534063.23,6714227.5,1997.78,177.1,QDD_Main
05QD-208,2536104.98,6713194.7,2355,391.9,QDD_Main
05QD-209,2534063.95,6714224.48,2000.24,89.6,QDD_Main
05QD-210,2536196.63,6713186.14,2341.5,136.9,QDD_Main
05QD-211,2534061.81,6714220.64,2000.72,123,QDD_Main
05QD-212,2536192.36,6713187.71,2341.5,100,QDD_Main
05QD-214,2536205.24,6713237.16,2313,140,QDD_Main
05QD-217,2533935.51,6714093.94,2033.75,254.9,QDD_Main
05QD-218,2536164.65,6713267.65,2305,99.75,QDD_Main
05QD-222,2536160.08,6713268.06,2305,100.1,QDD_Main
05QD-224,2536131.73,6713220.09,2313.45,192.65,QDD_Main
05QD-227,2536134.81,6713221.27,2313,106.7,QDD_Main
05QDR-152,2536497.83,6712765.63,2589.43,400,QDD_Main
05QDR-154,2535582.09,6712774.42,2517,370,QDD_Main
05QDR-157,2535585.07,6712766.27,2517,312,QDD_Main
05QDR-166,2534234.67,6713505.87,2446.66,400,QDD_Main
05QDR-166A,2534239.65,6713508.71,2446.34,18,QDD_Main
05QDR-167,2534233.55,6713499.22,2446.81,402,QDD_Main
05QDR-168,2534126.41,6713731.71,2398.99,308,QDD_Main
05QDR-168A,2534126.34,6713731.23,2398.99,18,QDD_Main
05QDR-169,2534117.34,6713732.67,2399.33,360,QDD_Main
05QDR-176,2534445.63,6713931.74,2070.96,104,QDD_Main
05QDR-177,2534211.38,6714082.15,2104.99,150,QDD_Main
05QDR-178,2534166.42,6714162.6,2102.57,276,QDD_Main
05QDR-181,2532222.86,6713979.76,2359.19,100,QDD_Main
05QDR-182,2535240.89,6713341.33,2057.5,220,QDD_Main
05QDR-184,2535353.55,6713284.37,2105.11,164,QDD_Main
05QDR-186,2535464.14,6713328.25,2123.14,200,QDD_Main
05QDR-187,2535472.19,6713309.23,2123.57,206,QDD_Main
05QDR-189,2535451.99,6713254.59,2115.56,200,QDD_Main
05QDR-190,2535451.61,6713252.42,2115.55,222,QDD_Main
05QDR-191,2535444.05,6713251.65,2115.5,120,QDD_Main
05QDR-192,2536110.63,6713192.74,2355,174,QDD_Main
05QDR-194,2536110.07,6713196.86,2354.83,292,QDD_Main
05QDR-196,2536107.27,6713198.22,2355,282,QDD_Main
05QDR-197,2534892.43,6713793.31,2028.5,84,QDD_Main
05QDR-198,2535191.66,6713353.36,2063.5,78,QDD_Main
05QDR-199,2535124.44,6713424.73,2054.15,84,QDD_Main
05QDR-203,2535472.13,6713312.54,2123.5,172,QDD_Main
05QDR-213,2536108.63,6713200.8,2355,300,QDD_Main
05QDR-215,2536639,6713159,2318,260,QDD_Main
05QDR-216,2536474.02,6713231.81,2322,200,QDD_Main
05QDR-219,2536391.11,6713231.73,2319.5,210,QDD_Main
05QDR-220,2536387.73,6713224.87,2319.5,250,QDD_Main
05QDR-221,2534224.78,6714119.34,2070.29,200,QDD_Main
05QDR-223,2534296.47,6714074.75,2071.27,200,QDD_Main
05QDR-225,2535121.82,6713420.6,2054.5,176,QDD_Main
05QDR-226,2535363.33,6713291.55,2104.54,202,QDD_Main
05QDR-228,2535548.59,6713188.38,2088,210,QDD_Main
05QDR-229,2535549.28,6713187.86,2088,150,QDD_Main
05QDR-230,2535543.94,6713191.45,2088,215.5,QDD_Main
06PNR-01,2532113,6715178,2123,132,QDD_Main
06PNR-02,2532182,6715024,2211,150,QDD_Main
06QD-233,2535971,6713129.5,2415.49,414.7,QDD_Main
06QD-234,2534675.45,6713934.37,2111.5,33.46,QDD_Main
06QD-236,2534675.42,6713937.36,2111.7,97.1,QDD_Main
06QD-237,2535120.19,6713362.43,2065.6,217.7,QDD_Main
06QD-238,2536374.08,6713158.61,2312.86,430,QDD_Main
06QD-239,2535182.85,6713345.54,2065.71,277.9,QDD_Main
06QD-240,2535598.73,6712641.16,2584.56,320,QDD_Main
06QD-241,2535184.46,6713344.97,2065.37,116.8,QDD_Main
06QD-242,2535251.47,6713343.22,2057.53,32.15,QDD_Main
06QD-243,2535251.86,6713342.89,2057.51,108.1,QDD_Main
06QD-246,2535465.24,6713313.57,2123.17,124.3,QDD_Main
06QD-250,2535435.43,6712717,2551.46,400,QDD_Main
06QD-254,2535468.85,6713316.91,2123.38,105.8,QDD_Main
06QD-256,2535445.83,6713244.91,2116.78,320,QDD_Main
06QD-263,2534982.1,6712788.7,2600.97,400,QDD_Main
06QD-267,2535574.5,6713149.11,2108.75,225,QDD_Main
06QD-269,2535448.12,6713243.4,2116.06,320,QDD_Main
06QD-276,2535571.24,6713149.79,2112.52,200,QDD_Main
06QD-288,2535217.34,6713423.17,2013.85,479.05,QDD_Main
06QD-290,2535347.55,6713269.95,2108.49,225,QDD_Main
06QD-291,2535245.02,6713338.01,2057.5,111.7,QDD_Main
06QD-294,2535347.79,6713270.01,2105.19,307.8,QDD_Main
06QD-295,2536187.97,6713247.19,2315.92,50,QDD_Main
06QD-296,2536212.06,6713235.48,2312.79,100,QDD_Main
06QD-298,2536306.07,6713080.05,2325.5,313.5,QDD_Main
06QD-300,2536132.38,6713684.1,1861.39,360.75,QDD_Main
06QD-302,2535012.27,6713485.88,2026.67,419.6,QDD_Main
06QD-303,2536284.58,6713102.06,2327.78,210.2,QDD_Main
06QD-306,2536284.58,6713102.06,2327,230.1,QDD_Main
06QD-309,2535012.51,6713486.42,2025.85,387.5,QDD_Main
06QD-311,2536136.45,6713227,2312.46,124.9,QDD_Main
06QD-312,2535328.84,6713468.32,1969.81,350,QDD_Main
06QD-313,2535241.76,6713296.16,2076.84,252.05,QDD_Main
06QD-314,2536283.76,6713103.43,2328.13,255.3,QDD_Main
06QD-315,2535657.01,6713098.52,2136.75,293.6,QDD_Main
06QD-317,2536306.07,6713080.05,2326.03,274.25,QDD_Main
06QD-318,2535655.72,6713100.62,2135.32,330.4,QDD_Main
06QD-319,2535445.54,6713245.28,2116.26,266,QDD_Main
06QD-320,2536280.93,6713107.47,2327.4,253.35,QDD_Main
06QD-321,2535008.41,6713488.92,2025.51,380,QDD_Main
06QD-322,2535123.99,6713366.03,2063.8,290.1,QDD_Main
06QD-324,2535871.81,6713114.94,2407.69,319.9,QDD_Main
06QD-328,2534899.31,6713790.74,2028.25,252,QDD_Main
06QD-329,2534898.45,6713789.05,2028.62,224.5,QDD_Main
06QD-330,2535006.13,6713490.55,2025.5,427.05,QDD_Main
06QD-331,2535238.52,6713296.85,2076.15,381.65,QDD_Main
06QD-332,2535123.56,6713365.92,2061.45,399.1,QDD_Main
06QD-333,2535010.86,6713487.25,2025.53,287.25,QDD_Main
06QD-334,2535183.76,6713346.11,2063.58,300.25,QDD_Main
06QD-339,2535124.19,6713366.31,2061.57,403.55,QDD_Main
06QD-343,2535010.66,6713486.64,2026.33,446.6,QDD_Main
06QD-347,2535184.38,6713347.01,2063.62,237,QDD_Main
06QD-352,2534358.17,6713991.34,2087.52,76.1,QDD_Main
06QD-353,2534672.36,6713937.35,2114.49,25.45,QDD_Main
06QD-358,2535006.93,6713489.49,2025.77,442.7,QDD_Main
06QD-359,2534693.94,6713882.83,2117.4,84.45,QDD_Main
06QD-361,2534357.61,6713993.62,2087.55,84.8,QDD_Main
06QD-362,2534691.76,6713858.07,2115.97,125.7,QDD_Main
06QD-364,2534228.04,6714113.92,2070.42,200.05,QDD_Main
06QD-365,2534265.1,6714254.02,1974.21,242.65,QDD_Main
06QD-368,2534261.69,6714087.34,2070.38,179,QDD_Main
06QD-369,2534266.19,6714254.77,1973.65,208.6,QDD_Main
06QD-370,2534262.15,6714087.41,2070.38,160.05,QDD_Main
06QD-371,2535008.88,6713487.74,2027.32,334.3,QDD_Main
06QD-372,2534262.61,6714087.48,2070.38,186.5,QDD_Main
06QD-373,2535867.7,6713118.71,2407.52,347.3,QDD_Main
06QD-374,2535009.59,6713487.41,2027.14,503.8,QDD_Main
06QD-375,2534268.32,6714084.65,2070.46,150.3,QDD_Main
06QD-376,2534309.26,6714071.81,2071.57,105,QDD_Main
06QD-377,2535874.13,6713114.77,2407.54,461.3,QDD_Main
06QD-378,2534309.15,6714071.29,2071.53,168.75,QDD_Main
06QD-379,2534402.09,6713957.7,2080.68,83.1,QDD_Main
06QD-380,2535007.74,6713488.44,2026.24,413.9,QDD_Main
06QD-381,2535871.15,6713119.92,2407.48,286.3,QDD_Main
06QD-382,2534403.16,6713957.32,2080.78,215.7,QDD_Main
06QDR-231,2535366.36,6713302.13,2104.34,186,QDD_Main
06QDR-232,2535465.08,6713310.46,2123.34,143,QDD_Main
06QDR-235,2535544.42,6713192.11,2088,400,QDD_Main
06QDR-244,2536230.09,6713138.4,2374.14,100,QDD_Main
06QDR-245,2536227.36,6713140.95,2373.66,100,QDD_Main
06QDR-247,2536224.77,6713133.66,2374.14,108,QDD_Main
06QDR-248,2536223.62,6713142.58,2374.14,162,QDD_Main
06QDR-249,2536230.35,6713208.72,2326.52,100,QDD_Main
06QDR-251,2536233.93,6713207.56,2326.5,100,QDD_Main
06QDR-252,2536049.79,6713163.42,2408.43,378,QDD_Main
06QDR-253,2536047.05,6713162.43,2408.77,366,QDD_Main
06QDR-255,2535789.41,6713727.99,1935.79,170,QDD_Main
06QDR-257,2535705,6713654,1969,31,QDD_Main
06QDR-258,2535522.89,6713492.34,1980.82,276,QDD_Main
06QDR-259,2535333.46,6713471.78,1969.43,398,QDD_Main
06QDR-260,2535644.79,6713114.48,2134.66,186,QDD_Main
06QDR-261,2535647.15,6713117.6,2134.75,158,QDD_Main
06QDR-262,2535650.17,6713115.77,2134.76,144,QDD_Main
06QDR-264,2535995.31,6713964.44,1795.53,200,QDD_Main
06QDR-265,2536009.44,6713861.76,1813,186,QDD_Main
06QDR-266,2535885.55,6714100.27,1774.44,200,QDD_Main
06QDR-268,2539273,6712687,1847,198,QDD_Main
06QDR-270,2540129,6712983,1678,200,QDD_Main
06QDR-271,2536160.63,6713126.47,2385.69,210,QDD_Main
06QDR-272,2536160.57,6713125.11,2386.06,144,QDD_Main
06QDR-273,2536220.25,6713135.81,2374.2,160,QDD_Main
06QDR-274,2536114.6,6713190.52,2354.93,120,QDD_Main
06QDR-275,2536248.93,6713179.67,2327.51,76,QDD_Main
06QDR-277,2536265.51,6713132.53,2327.51,84,QDD_Main
06QDR-278,2536270.94,6713225.61,2303.02,50,QDD_Main
06QDR-279,2536237.54,6713265.85,2290.56,120,QDD_Main
06QDR-280,2536235.25,6713267.11,2290.4,108,QDD_Main
06QDR-281,2536208.33,6713285.41,2287.21,108,QDD_Main
06QDR-282,2536207.54,6713288.33,2287.21,156,QDD_Main
06QDR-283,2536201.38,6713287.8,2287.2,144,QDD_Main
06QDR-284,2536004.49,6713110.81,2436.33,324,QDD_Main
06QDR-285,2536001.33,6713102.81,2436.54,300,QDD_Main
06QDR-286,2536087.21,6713054.04,2466.29,300,QDD_Main
06QDR-287,2536093.42,6713055.62,2465.81,278,QDD_Main
06QDR-289,2535646.81,6713110.34,2134.89,252,QDD_Main
06QDR-292,2538305,6713710,1771,138,QDD_Main
06QDR-293,2539156.06,6713283.24,1822.35,150,QDD_Main
06QDR-297,2539282,6712979.36,1820,90,QDD_Main
06QDR-299,2539092.47,6713743.67,1772.73,82,QDD_Main
06QDR-301,2535465,6713313.61,2123.51,124,QDD_Main
06QDR-305,2536187.53,6713248.09,2315.82,50,QDD_Main
06QDR-307,2536142.8,6713020.82,2458.83,228,QDD_Main
06QDR-308,2536143.86,6713020.21,2458.86,274,QDD_Main
06QDR-310,2536126.42,6712909.02,2510.81,300,QDD_Main
06QDR-316,2532503.95,6714192.68,2256.52,196,QDD_Main
06QDR-323,2535474.23,6713233.95,2108.38,210,QDD_Main
06QDR-325,2535473.62,6713232.91,2108.38,216,QDD_Main
06QDR-326,2535466.16,6713232.63,2108.62,186,QDD_Main
06QDR-327,2535647.4,6713111.28,2134.83,306,QDD_Main
06QDR-335,2535875.67,6714129.8,1770.26,102,QDD_Main
06QDR-336,2535875.45,6714117.59,1770.57,102,QDD_Main
06QDR-337,2535819.54,6714480.34,1730.2,102,QDD_Main
06QDR-338,2535939.79,6714445.38,1720.42,120,QDD_Main
06QDR-340,2535724.67,6714013.7,1800.56,102,QDD_Main
06QDR-341,2535519.89,6713864.58,1837.2,200,QDD_Main
06QDR-342,2534796.04,6714118.1,2090.05,220,QDD_Main
06QDR-344,2534951.53,6714271.15,2059.08,200,QDD_Main
06QDR-345,2534948.62,6714263.71,2058.88,200,QDD_Main
06QDR-346,2535121.92,6714235.96,1987.33,102,QDD_Main
06QDR-348,2534635.85,6714084.5,2021.13,100,QDD_Main
06QDR-349,2534442.57,6714321.58,1994.87,102,QDD_Main
06QDR-350,2534353.35,6714220.4,1979.14,102,QDD_Main
06QDR-351,2534270.15,6714260.38,1973.58,120,QDD_Main
06QDR-354,2534108.38,6714339.45,1956.51,100,QDD_Main
06QDR-355,2533975.02,6714377.29,1976.46,102,QDD_Main
06QDR-356,2533987.98,6714231.13,1992.1,102,QDD_Main
06QDR-357,2533893.12,6714320.39,1962.35,102,QDD_Main
06QDR-360,2535860.04,6713057.93,2447.65,400,QDD_Main
06QDR-363,2535998.47,6713107.98,2436.47,346,QDD_Main
06QDR-366,2536006.03,6713109.13,2436.6,400,QDD_Main
06QDR-367,2535464.79,6713330.36,2123.18,210,QDD_Main
07QD-383,2535864.78,6713048.89,2448.06,448.1,QDD_Main
07QD-384,2534209.47,6714072.94,2104.79,294.2,QDD_Main
07QD-385,2535003.96,6713493.19,2026,454.3,QDD_Main
07QD-386,2534695.06,6713882.37,2115.48,154.4,QDD_Main
07QD-387,2534693.23,6713859.4,2113.8,168.1,QDD_Main
07QD-388,2534513.78,6713975.55,2072.7,135.15,QDD_Main
07QD-389,2534801.02,6713836.05,2031.83,185.2,QDD_Main
07QD-390,2535006.16,6713490.45,2025.21,423.55,QDD_Main
07QD-391,2534694.9,6713857.23,2112.45,176.1,QDD_Main
07QD-392,2534732.64,6714066.93,2087,200.3,QDD_Main
07QD-393,2534695.53,6713857.34,2112.62,185.1,QDD_Main
07QD-394,2534694.26,6713881.25,2116.32,150.9,QDD_Main
07QD-395,2534394.9,6713962.49,2083.18,333.2,QDD_Main
07QD-396,2535007.57,6713489.49,2026.31,437.35,QDD_Main
07QD-397,2534492.32,6713953.97,2070.49,156.3,QDD_Main
07QD-398,2534310.84,6714036.92,2095.88,194.85,QDD_Main
07QD-399,2534395.2,6713962.87,2081.79,334.2,QDD_Main
07QD-400,2534167.16,6714163.87,2102.22,187.9,QDD_Main
07QD-401,2534696.12,6713879.11,2114.08,197.7,QDD_Main
07QD-402,2535006.15,6713490.26,2025.59,460.35,QDD_Main
07QD-403,2534262.73,6714261.18,1974.06,165.95,QDD_Main
07QD-404,2534701.75,6713852.24,2111.95,162.5,QDD_Main
07QD-405,2534260.56,6714258.42,1978.26,155.8,QDD_Main
07QD-406,2534701.23,6713852.05,2111.98,227.7,QDD_Main
07QD-407,2535006.66,6713491.07,2025.27,391,QDD_Main
07QD-408,2534261.92,6714253.28,1977.43,236.2,QDD_Main
07QD-409,2534231.02,6714107.6,2070.8,164.6,QDD_Main
07QD-410,2534262.56,6714253.34,1977.14,219.6,QDD_Main
07QD-411,2534232.65,6714111.12,2070.12,196.2,QDD_Main
07QD-412,2534804.43,6713840.25,2034.06,113.8,QDD_Main
07QD-413,2534262.16,6714253.8,1977.45,169.3,QDD_Main
07QD-414,2534804.02,6713840.01,2034.1,174,QDD_Main
07QD-415,2534677.45,6713921.29,2117.6,41.2,QDD_Main
07QD-416,2534678.84,6713919.4,2118.11,73.7,QDD_Main
07QD-417,2534800.7,6713838.02,2035.19,134,QDD_Main
07QD-418,2534450.25,6713937.42,2074.27,81.7,QDD_Main
07QD-419,2534454.64,6713934.55,2074.36,96,QDD_Main
07QD-420,2534106.4,6714338.84,1956.34,150.1,QDD_Main
07QD-421,2534801.17,6713837.02,2033.47,134,QDD_Main
07QD-422,2534366.37,6713992.29,2085.23,103,QDD_Main
07QD-423,2534802.44,6713823.27,2033.03,112.6,QDD_Main
07QD-425,2534262.38,6714253.33,1977.23,175,QDD_Main
07QD-427,2534108.25,6714337.72,1956.66,150.1,QDD_Main
07QD-428,2534314.2,6714035.77,2095.93,59.3,QDD_Main
07QD-430,2534305.01,6714070.07,2071.34,89.1,QDD_Main
07QD-431,2534106.34,6714341.03,1956.3,130.6,QDD_Main
07QD-432,2534264.63,6714254.77,1974.21,222.3,QDD_Main
07QD-433,2534263.79,6714089.02,2070.14,60.15,QDD_Main
07QD-434,2535123.92,6713362.49,2062.48,473.8,QDD_Main
07QD-435,2534109.08,6714337.12,1956.4,158.2,QDD_Main
07QD-436,2534262.96,6714258.06,1973.86,199.05,QDD_Main
07QD-437,2535006.81,6713488.22,2030.05,140,QDD_Main
07QD-443,2533931.42,6714092.24,2036.47,200.5,QDD_Main
07QD-444,2535005.78,6713492.23,2025.16,250.15,QDD_Main
07QD-445,2535008.36,6713494.59,2025.54,457.1,QDD_Main
07QD-446,2533933.93,6714089.38,2035.33,259.1,QDD_Main
07QD-447,2535126.25,6713362.22,2064.12,253.4,QDD_Main
07QD-448,2533935.71,6714087.82,2035.92,300,QDD_Main
07QD-449,2535126.58,6713360.5,2067.64,252.7,QDD_Main
07QD-450,2535006.87,6713489.06,2026.66,479,QDD_Main
07QD-455,2533929.01,6714085,2035,208.3,QDD_Main
07QD-456,2535128,6713367,2060,277.2,QDD_Main
07QD-459,2534265,6714254,1975,179,QDD_Main
07QD-463,2535128.01,6713367,2060,220.1,QDD_Main
07QD-466,2535006,6713491,2026,500.65,QDD_Main
07QD-469,2535126.708,6713365.814,2061.418,142.6,QDD_Main
07QD-473,2534978,6713262,1918.2,346,QDD_Main
07QD-476,2533929.02,6714085,2035,300,QDD_Main
07QD-477,2535006.01,6713491,2026,500,QDD_Main
07QD-481,2533929.03,6714085,2035,354.45,QDD_Main
07QD-482,2534978.01,6713262,1918.2,400,QDD_Main
07QD-483,2535006.02,6713491,2026,466.65,QDD_Main
07QD-484,2533929.04,6714085,2035,250,QDD_Main
07QD-485,2533929.05,6714085,2035,250,QDD_Main
07QD-486,2534978.02,6713262,1918.2,400.1,QDD_Main
07QD-487,2535128.02,6713367,2060,331.5,QDD_Main
07QD-498,2534265.1,6714254.02,1976,96.6,QDD_Main
07QD-499,2534263.232,6714255.481,1974.744,174.2,QDD_Main
07QD-500,2535129.999,6713363.192,2063.14,275.3,QDD_Main
07QD-503,2534262.679,6714261.013,1973.982,181.9,QDD_Main
07QD-504,2534263.203,6714258.8,1973.711,200.2,QDD_Main
07QD-505,2535185.051,6713345.368,2065.962,203.9,QDD_Main
07QD-506,2533935.41,6714086.11,2037.07,241.8,QDD_Main
07QD-509,2535185.05,6713345.37,2064.55,379.6,QDD_Main
07QDR-424,2534698.26,6713865.8,2112.91,150,QDD_Main
07QDR-426,2534698.92,6713867.29,2112.93,150,QDD_Main
07QDR-429,2534703.21,6713860.86,2112.76,150,QDD_Main
07QDR-438,2534687.76,6713951.07,2109.95,156,QDD_Main
07QDR-439,2534707.5,6713902.76,2112.87,150,QDD_Main
07QDR-440,2534704.74,6713900.73,2112.95,138,QDD_Main
07QDR-441,2534480.09,6713942.45,2071.88,132,QDD_Main
07QDR-442,2535889.12,6714116.88,1773.17,130,QDD_Main
07QDR-451,2533802.79,6713721.33,2355.39,400,QDD_Main
07QDR-452,2533804.77,6713720.46,2355.41,400,QDD_Main
07QDR-453,2533845.02,6713756.32,2354.8,400,QDD_Main
07QDR-454,2534242.68,6713500.28,2447.11,400,QDD_Main
07QDR-457,2534152.31,6713565.51,2421.74,400,QDD_Main
07QDR-458,2534126.45,6713728.97,2399.16,400,QDD_Main
07QDR-460,2534126.65,6713729.6,2399.23,450,QDD_Main
07QDR-461,2534123.44,6713731.7,2399.38,450,QDD_Main
07QDR-462,2535582,6712774,2518,403,QDD_Main
07QDR-464,2535582.01,6712774,2518,19,QDD_Main
07QDR-465,2535582.02,6712774,2518,560,QDD_Main
07QDR-467,2535582.62,6712774.05,2517.12,550,QDD_Main
07QDR-468,2535584.95,6712774,2518,550,QDD_Main
07QDR-470,2534146.48,6713564.94,2421.71,554,QDD_Main
07QDR-471,2534144.568,6713562.363,2421.72,550,QDD_Main
07QDR-472,2536420.306,6712728.947,2583.445,500,QDD_Main
07QDR-474,2536413.802,6712733.891,2583.43,500,QDD_Main
07QDR-475,2533892.64,6713609.067,2432.65,450,QDD_Main
07QDR-478,2533846.409,6713758.505,2354.801,400,QDD_Main
07QDR-479,2535586.608,6712768.693,2517.227,550,QDD_Main
07QDR-480,2535583.918,6712773.185,2517.158,504,QDD_Main
07QDR-488,2534697.307,6713862.71,2112.821,175,QDD_Main
07QDR-489,2534703,6713879,2113,76,QDD_Main
07QDR-490,2534705.635,6713902.724,2112.754,80,QDD_Main
07QDR-491,2534703.01,6713879,2113,80,QDD_Main
07QDR-492,2534703.02,6713879,2113,200,QDD_Main
07QDR-493,2534697.005,6713897.594,2113.135,92,QDD_Main
07QDR-494,2534688.245,6713954.625,2109.71,40,QDD_Main
07QDR-495,2534688,6713925,2112,50,QDD_Main
07QDR-496,2534170.06,6714156.036,2102.681,135,QDD_Main
07QDR-497,2534167.003,6714157.316,2102.451,130,QDD_Main
07QDR-501,2536112.05,6712655.523,2610.754,480,QDD_Main
07QDR-502,2536111.502,6712650.692,2610.992,382,QDD_Main
07QDR-507,2535582.24,6712769.3,2517.411,541,QDD_Main
07QDR-508,2535583.56,6712772.11,2517.27,450,QDD_Main
08QD-510,2534974.211,6713261.658,1918.2,451.4,QDD_Main
08QD-511,2533933.99,6714096.63,2032.66,215.8,QDD_Main
08QD-512,2535123.31,6713362.5,2062.62,386.8,QDD_Main
08QD-513,2534161.04,6714152.55,2102.67,158.3,QDD_Main
08QD-514,2534992,6713536,2050,101.2,QDD_Main
08QD-515,2534972.69,6713550.25,2042.21,650,QDD_Main
08QD-516,2534682.79,6713559.19,2274.06,655.7,QDD_Main
08QD-517,2534976.56,6713261.316,1917.422,137.1,QDD_Main
08QD-518,2534980.39,6713263.818,1917.953,106.2,QDD_Main
08QD-519,2534977.929,6713266.812,1918.048,101.9,QDD_Main
08QD-520,2534978.032,6713262.729,1917.876,144.65,QDD_Main
08QD-521,2535120.03,6713363.07,2062.97,373.95,QDD_Main
08QD-522,2534975.287,6713266.406,1917.933,168.7,QDD_Main
08QD-523,2534973.703,6713262.446,1918.522,470.9,QDD_Main
08QD-524,2534682.06,6713560.11,2274.16,647.5,QDD_Main
08QD-525,2535116.87,6713364.97,2063.1,581.45,QDD_Main
08QD-526,2535012.26,6713486.11,2026.63,468.65,QDD_Main
08QD-527,2534938.17,6713571.36,2034.82,570.8,QDD_Main
08QD-528,2534972.7,6713550.25,2042.21,600.4,QDD_Main
08QD-529,2534974.454,6713261.848,1917.843,184.6,QDD_Main
08QD-530,2535013.5,6713487.3,2025.8,476.3,QDD_Main
08QD-531,2534683.892,6713209.286,1885.057,170.2,QDD_Main
08QD-532,2534973.823,6713262.187,1918.259,208.75,QDD_Main
08QD-533,2534938.101,6713578.756,2026.634,602,QDD_Main
08QD-534,2534685.5,6713208.776,1885.744,192.4,QDD_Main
08QD-535,2535009.46,6713487.15,2026,416.4,QDD_Main
08QD-536,2534974.442,6713265.04,1917.953,139.6,QDD_Main
08QD-537,2534685.909,6713208.834,1884.792,209.35,QDD_Main
08QD-538,2534974.422,6713265.1,1917.933,102.4,QDD_Main
08QD-539,2534686.258,6713205.949,1884.311,161.05,QDD_Main
08QD-540,2534979.545,6713266.407,1918,119.5,QDD_Main
08QD-541,2535009.47,6713487.15,2026,485,QDD_Main
08QD-542,2534682.053,6713560.024,2274.089,629.3,QDD_Main
08QD-543,2534979.043,6713262.175,1917.861,138.2,QDD_Main
08QD-544,2534686.998,6713203.009,1885.235,300.6,QDD_Main
08QD-545,2534977.583,6713261.345,1917.439,117.3,QDD_Main
08QD-546,2534974.601,6713261.339,1917.836,156.5,QDD_Main
08QD-547,2534938.123,6713578.099,2026.638,601.3,QDD_Main
08QD-548,2534974.906,6713260.197,1920.001,159.9,QDD_Main
08QD-549,2534686.556,6713202.688,1885.077,199.45,QDD_Main
08QD-550,2534682.033,6713560.004,2275.023,522.2,QDD_Main
08QD-551,2534686.116,6713202.09,1885.29,170.4,QDD_Main
08QD-552,2534974.324,6713266.241,1918.397,110.45,QDD_Main
08QD-553,2534974.139,6713261.223,1920.009,155.2,QDD_Main
08QD-554,2534683.647,6713209.371,1884.268,214.45,QDD_Main
08QD-555,2534685.942,6713208.669,1886.287,233.5,QDD_Main
08QD-556,2534973.562,6713262.77,1918.87,286.4,QDD_Main
08QD-557,2534686.341,6713202.47,1886.754,106.7,QDD_Main
08QD-558,2534686.586,6713202.308,1885.51,110.1,QDD_Main
08QD-559,2534972.645,6713263.605,1918.166,202.35,QDD_Main
08QD-560,2534676.792,6713204.477,1885.109,267.2,QDD_Main
08QD-561,2534973.959,6713261.289,1918.705,208.1,QDD_Main
08QD-562,2534688,6713204,1885.6,211.7,QDD_Main
08QD-563,2534977.333,6713268.244,1919.931,105.8,QDD_Main
08QD-565,2534680.546,6713565.81,2273.81,343.7,QDD_Main
08QD-567,2534977.152,6713267.907,1919.41,121,QDD_Main
08QD-568,2534977.078,6713267.633,1919.192,108.4,QDD_Main
08QD-569,2534676.861,6713204.817,1885.71,268.8,QDD_Main
08QD-570,2534977.22,6713267.708,1918.832,142.2,QDD_Main
08QD-571,2534974.277,6713260.976,1919.806,264.8,QDD_Main
08QD-572,2534676.827,6713204.468,1885.508,405.45,QDD_Main
08QD-573,2534684.809,6713566.548,2275.023,251,QDD_Main
08QD-574,2534973.707,6713266.107,1918.933,220.4,QDD_Main
08QD-575,2534677.153,6713202.959,1885.469,350.95,QDD_Main
08QD-576,2534677.177,6713203.676,1885.636,350.5,QDD_Main
08QDR-564,2535934.484,6712954.044,2479.561,500,QDD_Main
08QDR-566,2535934.026,6712950.906,2479.453,468,QDD_Main
08TE1,2534877,6713173,1905,349.5,QDD_Main
09-MA-010,2534164.47,6714165.54,2091.52,130,QDD_Main
09-MA-011,2534171.46,6714162.25,2091.64,130,QDD_Main
09-MA-012,2534159.99,6714169.65,2091.46,150,QDD_Main
09-MA-013,2534170.4,6714170.73,2091.22,160,QDD_Main
09-MA-014,2534163.97,6714173.93,2091.48,140,QDD_Main
09-MA-016,2534167.31,6714178,2091.32,162,QDD_Main
09QD-577,2534986.415,6713260.938,1920.122,297.8,QDD_Main
09QD-578,2534976.172,6713259.278,1921.328,155.3,QDD_Main
09QD-579,2534570.162,6713234.665,1874.541,482.25,QDD_Main
09QD-580,2534976.885,6713267.468,1918.627,102,QDD_Main
09QD-581,2534676.937,6713202.655,1886.597,150,QDD_Main
09QD-582,2534676.949,6713202.648,1885.966,141.05,QDD_Main
09QD-583,2534676.588,6713202.058,1887.588,181.45,QDD_Main
09QD-584,2534568.893,6713232.695,1874.571,473.15,QDD_Main
09QD-585,2534676.689,6713201.446,1887.396,156.1,QDD_Main
09QD-586,2534679.261,6713198.637,1886.913,155.25,QDD_Main
09QD-587,2534684.518,6713199.508,1887.184,152.9,QDD_Main
09QD-588,2534818,6714186,2042.9,400,QDD_Main
10QD-589,2534978.917,6713262.913,1917.99,115.2,QDD_Main
10QD-590,2534979.536,6713262.282,1917.969,110.6,QDD_Main
10QD-591,2534973.33,6713261.972,1919.057,140,QDD_Main
10QD-592,2534973.33,6713261.868,1919.24,158,QDD_Main
10QD-593,2534571.732,6713232.093,1873.204,165.8,QDD_Main
10QD-594,2534972.831,6713264.948,1918.683,214.3,QDD_Main
10QD-595,2534572.038,6713233.483,1873.249,192,QDD_Main
10QD-596,2534972.765,6713264.957,1919.003,316.6,QDD_Main
10QD-597,2534575.45,6713232.699,1874.103,182.4,QDD_Main
10QD-598,2534263.266,6714258.54,1979.197,209.8,QDD_Main
10QD-599,2534262.155,6714258.961,1978.999,272.2,QDD_Main
10QD-600,2534681.168,6713198.404,1884.797,140,QDD_Main
10QD-601,2534260.637,6714259.988,1979.208,183.15,QDD_Main
10QD-602,2534568.304,6713232.345,1873.514,161.2,QDD_Main
10QD-603,2534676.596,6713201.468,1884.893,245.1,QDD_Main
10QD-604,2534259.452,6714259.615,1981.164,209.2,QDD_Main
10QD-605,2534575.998,6713231.921,1873.677,181.9,QDD_Main
10QD-606,2534677.102,6713204.184,1884.678,163.1,QDD_Main
10QD-607,2534575.601,6713232.594,1874.377,259.9,QDD_Main
10QD-608,2534679.343,6713204.642,1884.697,175,QDD_Main
10QD-609,2534573.142,6713234.439,1874.73,169.1,QDD_Main
10QD-610,2534260.059,6714264.398,1980.236,161,QDD_Main
10QD-611,2534679.573,6713203.603,1884.729,122.4,QDD_Main
10QD-612,2534573.757,6713233.992,1874.291,171.5,QDD_Main
10QD-613,2534260.361,6714264.228,1979.533,134.9,QDD_Main
10QD-614,2534678.483,6713203.922,1884.708,148,QDD_Main
10QD-615,2534573.743,6713233.964,1873.689,213.6,QDD_Main
10QD-616,2534676.862,6713204.239,1885.144,230,QDD_Main
10QD-617,2534259.163,6714262.427,1982.392,134.9,QDD_Main
10QD-618,2534568.754,6713233.826,1873.334,175.3,QDD_Main
10QD-619,2534568.806,6713233.942,1873.689,211.1,QDD_Main
10QD-620,2534679.709,6713204.449,1884.706,125,QDD_Main
10QD-621,2534260.062,6714262.764,1980.113,215.3,QDD_Main
10QD-622,2534685.761,6713208.433,1886.339,228,QDD_Main
10QD-623,2534569.334,6713228.066,1873.21,242.85,QDD_Main
10QD-624,2534688.074,6713208.127,1887.225,160.3,QDD_Main
10QD-625,2534569.591,6713229.215,1873.211,175.3,QDD_Main
10QD-626,2534574.354,6713229.744,1873.264,85.2,QDD_Main
10QD-627,2534683.24,6713209.026,1886.313,145,QDD_Main
10QD-628,2534493.793,6713955.879,2071.149,212.9,QDD_Main
10QD-629,2534575.365,6713229.683,1873.313,87,QDD_Main
10QD-630,2534570.996,6713231.826,1873.239,157.2,QDD_Main
10QD-631,2534681.702,6713209.058,1885.939,186,QDD_Main
10QD-632,2534570.261,6713234.607,1873.934,170.7,QDD_Main
10QD-633,2534492.587,6713956.156,2071.099,156.8,QDD_Main
10QD-634,2534685.589,6713208.504,1886.766,170.7,QDD_Main
10QD-635,2534574.182,6713233.562,1874.667,213,QDD_Main
10QD-636,2534493.775,6713954.674,2071.926,185.5,QDD_Main
10QD-637,2534676.668,6713201.627,1884.884,217.5,QDD_Main
10QD-638,2534574.207,6713233.597,1874.056,225.8,QDD_Main
10QD-639,2534568.504,6713232.128,1874.576,12.8,QDD_Main
10QD-640,2534492.909,6713953.004,2071.4,228.6,QDD_Main
10QD-641,2534491.882,6713953.795,2071.141,121.4,QDD_Main
10QD-642,2534492,6713954,2070,140.15,QDD_Main
10QDM-660,2536201.784,6713021.32,2353.609,185.95,QDD_Main
10QDM-661,2536202.214,6713022.247,2353.602,128,QDD_Main
10QDM-662,2536201.193,6713021.998,2353.516,210.2,QDD_Main
10QDM-663,2536199.878,6713021.78,2353.403,219,QDD_Main
10QDM-664,2536202.724,6713023.157,2353.125,133.7,QDD_Main
10QDM-665,2536200.97,6713023.311,2353.435,317,QDD_Main
10QDM-666,2536204.643,6713025.742,2353.746,116.7,QDD_Main
10QDM-667,2536206.981,6713026.123,2353.81,80.5,QDD_Main
10QDM-668,2536201.608,6713023.851,2353.232,158.7,QDD_Main
10QDM-669,2536200.292,6713024.191,2353.017,151.2,QDD_Main
10QDM-670,2536201.133,6713024.896,2353.112,203,QDD_Main
10QDM-671,2536203.364,6713025.803,2353.286,137.3,QDD_Main
10TR,2533725,6714133,2000.9,1131.98,QDD_Main
10TR-643,2533961.201,6713892.66,1961.7,497.75,QDD_Main
10TR-644,2533815.123,6714051.366,1986.008,188.8,QDD_Main
10TR-645,2533814.833,6714047.765,1986.163,209.7,QDD_Main
10TR-646,2533813.579,6714047.917,1986.638,205,QDD_Main
10TR-647,2533812.679,6714049.083,1986.043,229,QDD_Main
10TR-648,2533811.763,6714048.451,1986.085,210.5,QDD_Main
10TR-649,2533963.312,6713897.449,1961.974,300.1,QDD_Main
10TR-650,2533816.596,6714049.364,1986.084,196.5,QDD_Main
10TR-651,2533816.931,6714050.21,1986.958,339,QDD_Main
10TR-652,2533955.295,6713888.421,1960.948,476.35,QDD_Main
10TR-653,2533816.734,6714048.299,1986.389,354.7,QDD_Main
10TR-654,2533960.829,6713891.971,1960.953,449.6,QDD_Main
10TR-655,2533816.823,6714048.877,1988.286,161.2,QDD_Main
10TR-656,2533814.341,6714048.003,1988.508,100,QDD_Main
10TR-657,2533812.564,6714048.34,1988.318,129.8,QDD_Main
10TR-658,2533813.562,6714048.071,1986.405,546.5,QDD_Main
10TR-659,2533962.572,6713894.156,1961.622,299.85,QDD_Main
11CR-001,2533837.4,6713976.4,1977.5,26.5,QDD_Main
11CR-001-i,2533844.221,6713969.402,1977.5,26,QDD_Main
11QD-672,2533872.6,6713916.44,1968.7,229.65,QDD_Main
11QD-673,2533872.61,6713916.44,1968.7,37.6,QDD_Main
11QD-674,2533872.62,6713916.44,1968.7,128.6,QDD_Main
11QD-675,2533872.63,6713916.44,1968.7,182.8,QDD_Main
11QD-676,2533872.64,6713916.44,1968.7,181.6,QDD_Main
11QD-677,2534235.39,6713663.73,1910.815,501.55,QDD_Main
11QD-678,2534225.448,6713654.479,1912.035,500,QDD_Main
11QD-679,2533872.65,6713916.44,1968.7,175.6,QDD_Main
11QD-680,2533872.66,6713916.44,1968.7,180.1,QDD_Main
11QD-681,2534229.82,6713660.47,1910.465,557.7,QDD_Main
11QD-682,2533872.67,6713916.44,1968.7,500.5,QDD_Main
11QD-683,2534235.38,6713663.73,1910.815,455.5,QDD_Main
11QD-684,2533872.68,6713916.44,1968.7,483.3,QDD_Main
11QD-685,2534246.5,6713499.1,2448,391.9,QDD_Main
11QD-686,2534235.37,6713663.73,1910.815,114.8,QDD_Main
11QD-687,2534229.83,6713660.47,1910.465,116.3,QDD_Main
11QD-688,2534246.51,6713499.1,2448,392,QDD_Main
11QDR-689,2535800,6712680,2520,115,QDD_Main
11QDR-690,2535210,6712905,2490,76,QDD_Main
11QDR-691,2535785,6712705,2520,24,QDD_Main
11QDR-692,2535360,6712845,2500,150,QDD_Main
11QDR-693,2535755,6712705,2520,150,QDD_Main
11QDR-694,2535770,6712715,2520,150,QDD_Main
11QDR-695,2535060,6712910,2500,150,QDD_Main
11QDR-696,2535130,6712895,2500,150,QDD_Main
11TRAM,2533701.55,6714112,2000.9,1136.02,QDD_Main
12-C6,2534312.132,6713507.684,1888.5,25,QDD_Main
12-CIRC-NORTE,2534531,6713345.56,1850,288,QDD_Main
12-CIRCUNV-SUR,2534509.8,6713321,1850,526,QDD_Main
12CR-002,2533965.5,6713846.9,1952.5,26.5,QDD_Main
12CR-003,2534120.7,6713697.2,1922.9,26.5,QDD_Main
12CR-004,2534194.5,6713625.2,1909,26.5,QDD_Main
12CR-005,2534277.2,6713548.2,1894,26.5,QDD_Main
12CR-006,2534390.3,6713442.6,1874.5,22,QDD_Main
12CR-007,2534509.3,6713330.9,1850.9,26.5,QDD_Main
12-GALERIA-SW,2534251.267,6713562.365,1897.18,192,QDD_Main
12QD-697,2534229.84,6713660.47,1910.465,150.7,QDD_Main
12QD-698,2534229.85,6713660.47,1910.465,154.1,QDD_Main
12QD-699,2534229.86,6713660.47,1910.465,146.9,QDD_Main
12QD-700,2534230.065,6713664.771,1910.925,273.6,QDD_Main
12QD-701,2534229.592,6713663.666,1910.779,353.7,QDD_Main
12QD-702,2534229.87,6713660.47,1910.465,292.4,QDD_Main
12QD-703,2534233.8,6713663.717,1913.056,255,QDD_Main
12QD-704,2534223.869,6713662.578,1910.782,250,QDD_Main
12QD-705,2534223.781,6713663.132,1911.842,299.7,QDD_Main
12QD-706,2534233.973,6713663.501,1912.026,420.8,QDD_Main
12QD-707,2534223.812,6713663.032,1912.941,203,QDD_Main
12QD-708,2534234.183,6713663.121,1911.827,396,QDD_Main
12QD-709,2534220.082,6713658.114,1911.424,149,QDD_Main
12QD-710,2534220.37,6713657.177,1911.344,251,QDD_Main
12QD-711,2534232.671,6713660.569,1911.362,409.2,QDD_Main
12QD-712,2534224.563,6713654.886,1910.915,172,QDD_Main
12QD-713,2534314.017,6713480.828,1888.963,390.6,QDD_Main
12QD-714,2534307.741,6713475.332,1889.662,300,QDD_Main
12QD-715,2534231.701,6713659.256,1912.072,402,QDD_Main
12QD-716,2534230.806,6713659.174,1910.978,394.9,QDD_Main
12QD-717,2534307.143,6713475.896,1888.093,450.5,QDD_Main
12QD-718,2534313.702,6713480.285,1888.696,320,QDD_Main
12QD-719,2534313.726,6713480.684,1888.769,320,QDD_Main
12QD-720,2534231.243,6713658.667,1913.031,426,QDD_Main
12QD-721,2534307.851,6713475.187,1888.568,402.3,QDD_Main
12QD-722,2534313.543,6713480.198,1889.31,360,QDD_Main
12QD-723,2534307.871,6713475.057,1888.945,338,QDD_Main
12QD-724,2534313.793,6713480.493,1889.068,334,QDD_Main
12QD-725,2534307.985,6713475.507,1888.373,322.8,QDD_Main
12QD-726,2534227.587,6713656.208,1910.992,200.7,QDD_Main
12QD-727,2534306.123,6713478.282,1888.949,150,QDD_Main
12QD-728,2534314.565,6713486.618,1888.765,22.4,QDD_Main
12QD-729,2534314.779,6713486.658,1887.745,173,QDD_Main
12QD-730,2534306.812,6713480.264,1888.859,244.1,QDD_Main
12QD-731,2534230,6713657.669,1911.927,367.4,QDD_Main
12QD-732,2534314.778,6713486.818,1888.055,170.5,QDD_Main
12QD-733,2534303.481,6713481.501,1888.807,166.8,QDD_Main
12QD-734,2534314.565,6713487.917,1888.137,181.5,QDD_Main
12QD-735,2534303.61,6713483.149,1889.026,200.1,QDD_Main
12QD-736,2534309.686,6713474.759,1890.63,294,QDD_Main
12QD-737,2534228.756,6713656.967,1911.733,367.9,QDD_Main
12QD-738,2534303.379,6713481.911,1888.801,254,QDD_Main
12QD-739,2534310.082,6713475.075,1889.683,300,QDD_Main
12QD-740,2534304.147,6713479.008,1888.887,355.2,QDD_Main
12QD-741,2534309.886,6713475.082,1888.8,348,QDD_Main
12QD-742,2534124.983,6713409.111,1875.355,300,QDD_Main
12QD-743,2534303.73,6713479.036,1889.702,349.7,QDD_Main
12QD-744,2534125.1,6713409.021,1874.597,378,QDD_Main
12QD-745,2534312.321,6713476.229,1889.37,480,QDD_Main
12QD-746,2534304.853,6713477.287,1889.57,366.9,QDD_Main
12QD-747,2534124.986,6713408.909,1875.823,320,QDD_Main
12QD-748,2534125.069,6713409.043,1874.213,551.9,QDD_Main
12QD-749,2534304.941,6713477.533,1889.275,322.5,QDD_Main
12QD-750,2534310.622,6713475.207,1888.886,434,QDD_Main
12QD-751,2534124.824,6713408.951,1874.206,555,QDD_Main
12-RamBelgrano,2534483,6713345,1855.9,140,QDD_Main
13QD-752,2534314.616,6713487.565,1887.743,164.4,QDD_Main
13QD-753,2534315.068,6713488.586,1887.88,161,QDD_Main
13QD-754,2534314.91,6713486.851,1887.826,161,QDD_Main
13QD-755,2534315.245,6713487.113,1888.379,164,QDD_Main
13QD-756,2534304.432,6713484.516,1888.028,354.6,QDD_Main
13QD-757,2534304.318,6713484.496,1888.596,120,QDD_Main
13QD-758,2534304.312,6713484.513,1889.193,115.3,QDD_Main
13QD-759,2534304.253,6713484.444,1889.595,111,QDD_Main
13QD-760,2534303.721,6713479.84,1888.657,354,QDD_Main
13QD-761,2534303.619,6713479.573,1887.475,324,QDD_Main
13QD-762,2534123.147,6713409.475,1874.188,615,QDD_Main
13QD-763,2534303.488,6713479.561,1887.993,304,QDD_Main
13QD-764,2534303.372,6713479.266,1888.879,314,QDD_Main
13QD-765,2534303.253,6713479.412,1889.809,225,QDD_Main
13QD-766,2534123.041,6713409.23,1874.313,765.2,QDD_Main
13QD-767,2534303.928,6713483.38,1887.968,160,QDD_Main
13QD-768,2534303.628,6713483.422,1887.236,196,QDD_Main
13QD-769,2534303.659,6713483.538,1888.043,120,QDD_Main
13QD-770,2534304.089,6713484.322,1888.108,140,QDD_Main
13QD-771,2534304.15,6713484.282,1887.641,160.8,QDD_Main
13QD-772,2534304.193,6713484.203,1886.945,165,QDD_Main
13QD-773,2534304.45,6713484.023,1886.423,200.2,QDD_Main
13QD-774,2534123.613,6713409.088,1874.187,575.8,QDD_Main
13QD-775,2534305.679,6713487.143,1887.775,175,QDD_Main
13QD-776,2534305.556,6713487.46,1888.218,186.1,QDD_Main
13QD-777,2534307.858,6713486.799,1887.708,202.7,QDD_Main
13QD-778,2534123.628,6713409.033,1874.515,574.5,QDD_Main
13QD-779,2534308.467,6713485.241,1887.772,362.5,QDD_Main
13QD-780,2534308.081,6713485.969,1887.813,169.4,QDD_Main
13QD-781,2534124.979,6713408.99,1874.73,576,QDD_Main
13QD-782,2534308.035,6713486.798,1887.789,164.5,QDD_Main
13QD-783,2534308.142,6713485.109,1887.795,378,QDD_Main
13QD-784,2534125.357,6713409.506,1874.188,583.5,QDD_Main
13QD-786,2534308.723,6713485.509,1887.802,363,QDD_Main
13QD-787,2534308.779,6713486.13,1887.773,173,QDD_Main
13QD-788,2534126.043,6713409.368,1874.249,577.2,QDD_Main
13QD-789,2534308.926,6713486.968,1887.771,156,QDD_Main
13QD-790,2534309.58,6713485.642,1889.297,184,QDD_Main
13QD-791,2534309.137,6713480.092,1887.916,462,QDD_Main
13QD-792,2534123.222,6713409.688,1874.2,186.1,QDD_Main
13QD-793,2534127.448,6713411.775,1874.024,545.6,QDD_Main
13QD-794,2534128.767,6713413.735,1873.89,551,QDD_Main
13QD-795,2534311.021,6713477.948,1887.463,564,QDD_Main
13QD-796,2534125.944,6713412.21,1873.801,546.5,QDD_Main
13QD-797,2534306.934,6713477.486,1887.621,553,QDD_Main
13QD-798,2534130.644,6713416.45,1874.13,299,QDD_Main
13QD-799,2534130.616,6713416.465,1874.498,288,QDD_Main
13QD-800,2534311.936,6713477.886,1887.458,569.5,QDD_Main
13QD-801,2534131.848,6713418.415,1874.527,315.5,QDD_Main
13QD-802,2534131.339,6713417.219,1875.667,152,QDD_Main
13QD-803,2534130.72,6713416.372,1874.364,264.5,QDD_Main
13QDR-785,2537473,6714128,1631,300,QDD_Main
14QD-804,2534130.437,6713416.496,1874.829,350.5,QDD_Main
14QD-805,2534305.228,6713480.13,1887.515,550.5,QDD_Main
14QD-806,2534130.597,6713416.466,1876.644,200,QDD_Main
14QD-807,2534130.4,6713416.456,1873.622,458,QDD_Main
14QD-808,2534304.985,6713479.937,1887.589,605.8,QDD_Main
14QD-809,2534130.109,6713415.735,1874.795,22,QDD_Main
14QD-810,2534130.267,6713415.952,1874.832,258,QDD_Main
14QD-811,2534306.341,6713479.071,1887.591,632.6,QDD_Main
14QD-812,2534122.949,6713409.285,1873.688,600.6,QDD_Main
14QD-813,2534123.608,6713409.134,1873.671,618,QDD_Main
14QD-814,2534122.568,6713409.589,1873.7,601,QDD_Main
14QD-815,2534123.078,6713409.891,1873.79,647.6,QDD_Main
14QD-816,2534123.132,6713410.155,1873.829,411,QDD_Main
14QD-817,2534121.979,6713410.38,1873.846,665.6,QDD_Main
14QD-818,2534122.965,6713409.908,1873.782,653,QDD_Main
14QD-819,2534131.842,6713421.772,1873.69,84.5,QDD_Main
14QD-820,2534129.343,6713415.399,1873.83,79,QDD_Main
14QD-821,2534125.694,6713419.8,1873.861,100,QDD_Main
14QD-822,2534130.18,6713415.78,1874.301,205.7,QDD_Main
14QD-823,2534130.177,6713415.818,1874.997,302,QDD_Main
14QD-824,2534131.362,6713417.263,1876.152,340,QDD_Main
14QD-825,2534130.007,6713415.245,1875.666,258,QDD_Main
14QD-826,2534129.722,6713414.808,1875.469,315.6,QDD_Main
14QD-827,2534129.689,6713414.811,1874.947,311,QDD_Main
14QD-828,2534310.341,6713475.513,1888.026,200,QDD_Main
14QD-829,2534310.321,6713475.567,1887.89,232,QDD_Main
14QD-830,2534310.359,6713475.457,1888.29,206,QDD_Main
14QD-831,2534306.708,6713489.516,1887.36,194,QDD_Main
14QD-832,2534306.68,6713489.685,1889.85,142.4,QDD_Main
14QD-833,2534311.8,6713490.4,1887,348,QDD_Main
15QD-856,2534311.81,6713490.4,1887,536,QDD_Main
15QD-857,2534311.82,6713490.4,1887,524,QDD_Main
15QD-858,2534311.83,6713490.4,1887,593,QDD_Main
15QD-859,2534311.84,6713490.4,1887,617,QDD_Main
15QD-860,2535060.43,6713301.88,1882.755,120,QDD_Main
15QD-861,2534125,6713409,1878,559.1,QDD_Main
15QD-862,2535060.551,6713301.765,1883.564,108.4,QDD_Main
15QD-863,2535060.438,6713301.905,1884.187,107,QDD_Main
15QD-864,2535060.012,6713301.806,1882.887,150,QDD_Main
15QD-865,2535060.053,6713301.717,1882.488,155.3,QDD_Main
15QD-866,2535060.064,6713301.781,1881.965,180,QDD_Main
15QD-867,2535060.103,6713301.728,1882.112,102.3,QDD_Main
15QD-868,2535059.671,6713301.761,1882.111,109,QDD_Main
15QD-869,2535061.646,6713302.552,1883.103,192,QDD_Main
15QD-870,2535061.691,6713302.692,1882.677,186,QDD_Main
15QD-871,2535061.756,6713302.63,1883.895,170.4,QDD_Main
15QD-872,2535062.839,6713303.963,1882.989,237.7,QDD_Main
15QD-873,2535062.929,6713303.953,1883.467,231,QDD_Main
15QD-874,2535062.607,6713304.241,1883.108,266.4,QDD_Main
15QD-875,2535062,6713304,1880,120.2,QDD_Main
15QD-876,2535059.802,6713308.407,1883.992,132.1,QDD_Main
15QD-877,2535062.01,6713304,1880,141,QDD_Main
15QD-878,2535062.02,6713304,1880,147.8,QDD_Main
15QD-879,2535062.03,6713304,1880,186,QDD_Main
15QD-880,2535062.04,6713304,1880,186.4,QDD_Main
15QD-881,2535062.05,6713304,1880,162,QDD_Main
15QD-882,2535062.09,6713303.601,1882.301,201,QDD_Main
15QD-883,2535062.393,6713303.534,1883.428,246,QDD_Main
15QD-884,2535061.986,6713303.637,1881.972,206,QDD_Main
15QD-885,2535059.814,6713301.655,1881.239,141,QDD_Main
15QD-886,2535059.734,6713302.296,1880.677,105.5,QDD_Main
15QD-887,2535063.168,6713304.523,1883.268,228.1,QDD_Main
15QDR-834,2535887,6712953,2290,276,QDD_Main
15QDR-835,2535887.02,6712953,2290,256,QDD_Main
15QDR-836,2535887.01,6712953,2290,250,QDD_Main
15QDR-837,2535056,6713221,2210,258,QDD_Main
15QDR-838,2534956,6713276,2200,236,QDD_Main
15QDR-839,2535039,6713198,2210,184,QDD_Main
15QDR-840,2535088,6713179,2210,186,QDD_Main
15QDR-841,2535151,6713154,2200,152,QDD_Main
15QDR-842,2535431,6713045,2210,262,QDD_Main
15QDR-843,2535199,6713136,2210,280,QDD_Main
15QDR-844,2535351,6713077,2210,202,QDD_Main
15QDR-845,2535499,6713056,2210,202,QDD_Main
15QDR-846,2535494,6713019,2210,264,QDD_Main
15QDR-847,2535297,6713088,2210,312,QDD_Main
15QDR-848,2535283,6713091,2210,224,QDD_Main
15QDR-849,2535260,6713098,2210,286,QDD_Main
15QDR-850,2535513,6713009,2210,200,QDD_Main
15QDR-851,2535482,6713071,2210,378,QDD_Main
15QDR-852,2535336,6713083,2210,294,QDD_Main
15QDR-853,2535418,6713050,2210,364,QDD_Main
15QDR-854,2534970,6713328,2200,206,QDD_Main
15QDR-855,2534964,6713330,2200,204,QDD_Main
16QD-1000,2536423.524,6712926.308,2445.887,20,QDD_Main
16QD-1001,2536424.11,6712927.22,2444.447,180,QDD_Main
16QD-1006,2536423.771,6712927.273,2444.912,180,QDD_Main
16QD-1014,2536424.045,6712926.655,2445.583,181.2,QDD_Main
16QD-1019,2536423.869,6712927.384,2444.111,165,QDD_Main
16QD-1023,2536423.627,6712926.624,2445.612,168,QDD_Main
16QD-1030,2536426.322,6712927.55,2445.105,194.5,QDD_Main
16QD-944,2534638.2,6713981.89,2039.076,70,QDD_Main
16QD-945,2534615.77,6713969.44,2040.303,70,QDD_Main
16QD-947,2534748.63,6713928.45,2040.206,50,QDD_Main
16QD-948,2534740.21,6713880.03,2049.883,60,QDD_Main
16QD-949,2534191.13,6714229.89,2026.079,136,QDD_Main
16QD-951,2534169.46,6714261.83,2022.466,130,QDD_Main
16QD-956,2536428.762,6712735.943,2584.141,220,QDD_Main
16QD-958,2536424.009,6712741.977,2582.989,235,QDD_Main
16QD-961,2536314.351,6712694.366,2610.813,320,QDD_Main
16QD-967,2536314.556,6712692.164,2610.833,305.9,QDD_Main
16QD-968,2536316.522,6712691.703,2610.63,347,QDD_Main
16QD-969,2536033.415,6712681.068,2520.111,250,QDD_Main
16QD-970,2536465.559,6712741.455,2585.901,381.6,QDD_Main
16QD-971,2536464.558,6712740.725,2585.922,400,QDD_Main
16QD-972,2536192.358,6712791.478,2512.679,126,QDD_Main
16QD-973,2536167.5,6712780.359,2513.095,90,QDD_Main
16QD-974,2536160.523,6712799.039,2513.295,105,QDD_Main
16QD-975,2534681.91,6713557.376,2272.356,158.1,QDD_Main
16QD-976,2534684.383,6713556.513,2272.339,121,QDD_Main
16QD-977,2534684.383,6713558.818,2272.278,151.2,QDD_Main
16QD-978,2534683.496,6713554.605,2272.282,228.7,QDD_Main
16QD-979,2534295.056,6713491.023,2421.845,248.6,QDD_Main
16QD-980,2534422.844,6713690.905,2252.294,162,QDD_Main
16QD-981,2534486.685,6713709.553,2232.511,181.4,QDD_Main
16QD-982,2534487.401,6713708.866,2232.543,179.2,QDD_Main
16QD-983,2534489.339,6713707.878,2232.758,150,QDD_Main
16QD-984,2534682.996,6713566.589,2272.008,195,QDD_Main
16QD-985,2534682.766,6713566.907,2271.932,240,QDD_Main
16QD-986,2534683.627,6713567.532,2271.85,210,QDD_Main
16QD-988,2534683.412,6713568.099,2271.817,227.5,QDD_Main
16QD-995,2536422.846,6712926.662,2445.468,27,QDD_Main
16QD-998,2536422.174,6712926.668,2444.007,152.6,QDD_Main
16QDR-1002,2536005.263,6712789.644,2460.024,300,QDD_Main
16QDR-1003,2536005.18,6712791.538,2460.059,320,QDD_Main
16QDR-1004,2536008.373,6712713.439,2509.018,250,QDD_Main
16QDR-1005,2536133.71,6712769.575,2513.138,200,QDD_Main
16QDR-1007,2536151.515,6712763.195,2513.29,120,QDD_Main
16QDR-1008,2536167.526,6712789.652,2512.836,120,QDD_Main
16QDR-1009,2536141.399,6712785.353,2512.873,150,QDD_Main
16QDR-1010,2536113.114,6712739.728,2512.865,120,QDD_Main
16QDR-1011,2536108.11,6712755.743,2512.443,120,QDD_Main
16QDR-1012,2536093.307,6712741.104,2512.449,100,QDD_Main
16QDR-1013,2536093.707,6712746.289,2512.265,130,QDD_Main
16QDR-1015,2534472.874,6713679.773,2250.138,200,QDD_Main
16QDR-1016,2534329.708,6713704.119,2280.961,270,QDD_Main
16QDR-1017,2534602.03,6713656.01,2251,220,QDD_Main
16QDR-1018,2534688,6713536,2276,180,QDD_Main
16QDR-1020,2534684,6713524,2276,200,QDD_Main
16QDR-1021,2534677.99,6713576.064,2271.637,200,QDD_Main
16QDR-1022,2534676.821,6713573.084,2271.804,200,QDD_Main
16QDR-1024,2534502.136,6713598.817,2309.958,200,QDD_Main
16QDR-1025,2534691,6713499,2276,166,QDD_Main
16QDR-1026,2534687.194,6713513.654,2276.474,200,QDD_Main
16QDR-1027,2534499.244,6713600.355,2309.651,200,QDD_Main
16QDR-1028,2534421.01,6713688,2250,150,QDD_Main
16QDR-1029,2534694.746,6713481.406,2277.907,186,QDD_Main
16QDR-1031,2534421,6713688,2250,166,QDD_Main
16QDR-1032,2534670,6713582,2270,250,QDD_Main
16QDR-1033,2534686.954,6713534.228,2274.067,158,QDD_Main
16QDR-1034,2534673,6713577,2270,250,QDD_Main
16QDR-1035,2534707.131,6713473.035,2276.925,210,QDD_Main
16QDR-1036,2534602.469,6713651.348,2252.575,166,QDD_Main
16QDR-888,2535929,6712975,2286,270,QDD_Main
16QDR-889,2535973,6712996,2285,250,QDD_Main
16QDR-890,2536029,6713022,2278,160,QDD_Main
16QDR-891,2534654.129,6713702.057,2210.972,234,QDD_Main
16QDR-892,2534657.986,6713702.23,2211.181,226,QDD_Main
16QDR-893,2534659.349,6713695.736,2211.27,226,QDD_Main
16QDR-894,2534422.806,6713690.685,2250.276,276,QDD_Main
16QDR-895,2534422.57,6713687.962,2250.288,278,QDD_Main
16QDR-896,2534431.931,6713690.021,2250.264,276,QDD_Main
16QDR-897,2534689.912,6713570.924,2271.787,256,QDD_Main
16QDR-898,2536006.446,6712779.355,2460.234,240,QDD_Main
16QDR-899,2536012.656,6712793.075,2459.992,240,QDD_Main
16QDR-900,2536006.973,6712789.177,2459.948,220,QDD_Main
16QDR-901,2536058.811,6712624.894,2561.871,210,QDD_Main
16QDR-902,2534505.686,6713408.694,2449.876,174,QDD_Main
16QDR-903,2534495.668,6713408.01,2450.213,228,QDD_Main
16QDR-904,2534297.072,6713487.734,2419.926,200,QDD_Main
16QDR-905,2534299.072,6713485.432,2420.104,200,QDD_Main
16QDR-906,2534109.23,6713702.227,2391.581,250,QDD_Main
16QDR-907,2534128.948,6713762.184,2380.191,260,QDD_Main
16QDR-908,2536316.292,6712694.314,2610.735,280,QDD_Main
16QDR-909,2534125.973,6713754.725,2380.328,198,QDD_Main
16QDR-910,2536316.907,6712696.748,2610.718,240,QDD_Main
16QDR-911,2536225.722,6712681.836,2580.345,230,QDD_Main
16QDR-912,2534271.599,6713665.548,2329.049,276,QDD_Main
16QDR-913,2536218.448,6712674.465,2580.307,250,QDD_Main
16QDR-914,2536108.899,6712704.114,2529.593,220,QDD_Main
16QDR-915,2536112.203,6712704.448,2530.071,200,QDD_Main
16QDR-916,2534267.547,6713666.454,2329.275,250,QDD_Main
16QDR-917,2536203.345,6712729.546,2538.577,220,QDD_Main
16QDR-918,2536201.711,6712731.129,2538.497,200,QDD_Main
16QDR-919,2536197.136,6712732.238,2538.556,200,QDD_Main
16QDR-920,2536193.148,6712730.319,2538.695,200,QDD_Main
16QDR-921,2536191.97,6712729.149,2538.778,200,QDD_Main
16QDR-922,2536004.12,6712702.956,2510.137,230,QDD_Main
16QDR-923,2534472.111,6713450.249,2421.175,240,QDD_Main
16QDR-924,2536150.469,6712852.088,2481.801,240,QDD_Main
16QDR-925,2536177.114,6712903.061,2440.394,220,QDD_Main
16QDR-926,2534476.11,6713453.951,2420.836,240,QDD_Main
16QDR-927,2536176.612,6712903.952,2440.458,200,QDD_Main
16QDR-928,2536526.732,6712973.818,2440.752,320,QDD_Main
16QDR-929,2534676.575,6713594.657,2269.409,300,QDD_Main
16QDR-930,2536521.333,6712978.904,2440.518,318,QDD_Main
16QDR-931,2534685.654,6713567.461,2271.761,250,QDD_Main
16QDR-932,2534684.926,6713565.53,2271.989,250,QDD_Main
16QDR-933,2536520.427,6712969.612,2440.748,220,QDD_Main
16QDR-934,2534679.247,6713574.393,2271.442,222,QDD_Main
16QDR-935,2536459.662,6712935.222,2441.228,220,QDD_Main
16QDR-936,2536416.688,6712930.41,2443.02,220,QDD_Main
16QDR-937,2534424.785,6713697.328,2249.962,230,QDD_Main
16QDR-938,2536527.223,6712982.656,2440.697,302,QDD_Main
16QDR-939,2534124.432,6713682.245,2391.394,276,QDD_Main
16QDR-940,2536524.173,6712979.818,2440.569,300,QDD_Main
16QDR-941,2534370.424,6713571.108,2330.262,240,QDD_Main
16QDR-942,2536327.473,6712876.914,2467.075,220,QDD_Main
16QDR-943,2534520.752,6713751.673,2190.225,220,QDD_Main
16QDR-946,2534859.56,6713500.19,2180.153,250,QDD_Main
16QDR-952,2534879.595,6713488.163,2180.135,280,QDD_Main
16QDR-953,2536296.414,6712887.21,2467.196,220,QDD_Main
16QDR-954,2536302.913,6712881.972,2467.513,220,QDD_Main
16QDR-955,2534912.069,6713470.243,2179.57,280,QDD_Main
16QDR-957,2536670.939,6713219.501,2306.299,300,QDD_Main
16QDR-959,2536673.581,6713221.466,2306.202,280,QDD_Main
16QDR-960,2536539.974,6713375.399,2245.893,220,QDD_Main
16QDR-962,2536532.143,6713396.001,2244.331,220,QDD_Main
16QDR-963,2536637.733,6713349.482,2276.521,270,QDD_Main
16QDR-964,2536637.767,6713350.796,2276.639,270,QDD_Main
16QDR-965,2536540.461,6713389.988,2244.53,220,QDD_Main
16QDR-966,2534678.823,6713557.655,2272.331,350,QDD_Main
16QDR-987,2535148.834,6712670.263,2620.453,350,QDD_Main
16QDR-989,2535331.716,6712620.128,2613.14,360,QDD_Main
16QDR-990,2535825.616,6712612.407,2560.207,360,QDD_Main
16QDR-991,2535821.711,6712612.322,2559.95,360,QDD_Main
16QDR-992,2535826.296,6712610.286,2560.304,300,QDD_Main
16QDR-993,2535828.083,6712607.79,2560.578,350,QDD_Main
16QDR-994,2534933.043,6712767.983,2600.688,370,QDD_Main
16QDR-996,2535355.657,6712614.284,2609.502,360,QDD_Main
16QDR-997,2535728,6712698,2460,330,QDD_Main
16QDR-999,2535468,6712750,2460,350,QDD_Main
16QDRInf_01,2535066.49,6713364.782,2089.938,250,QDD_Main
16QDRInf_02,2535072.009,6713296.475,2089.479,220,QDD_Main
16QDRInf_03,2535107.107,6713315.2,2089.846,130,QDD_Main
16QDRInf_04,2535110.928,6713255.224,2089.55,150,QDD_Main
16QDRInf_05,2535142.039,6713284.786,2089.321,138,QDD_Main
16QDRInf_06,2535168.93,6713235.755,2089.868,140,QDD_Main
16QDRInf_07,2535187.355,6713268.797,2089.702,140,QDD_Main
16QDRInf_08,2535207.859,6713218.679,2090.29,152,QDD_Main
16QDRInf_09,2535233.391,6713250.484,2089.935,176,QDD_Main
16QDRInf_10,2535284.925,6713193.093,2100.356,160,QDD_Main
16QDRInf_11,2535245.117,6713220.189,2090.264,176,QDD_Main
16QDRInf_12,2535350.841,6713185.599,2100.185,160,QDD_Main
16QDRInf_13,2535384.177,6713223.927,2099.804,150,QDD_Main
16QDRInf_14,2535505.935,6713306.997,2110.099,190,QDD_Main
16QDRInf_15,2535424.317,6713263.863,2110.756,150,QDD_Main
16QDRInf_16,2535405.966,6713192.598,2111.482,180,QDD_Main
16QDRInf_17,2535414.945,6713151.333,2110.737,180,QDD_Main
16QDRInf_18,2535456.921,6713219.854,2110.967,180,QDD_Main
16QDRInf_19,2535447.853,6713189.07,2110.581,180,QDD_Main
16QDRInf_20,2535439.3,6713112.787,2119.749,180,QDD_Main
16QDRInf_21,2535464.104,6713116.421,2120.101,150,QDD_Main
16QDRInf_22,2535499.947,6713161.262,2120.165,190,QDD_Main
16QDRInf_23,2535484.949,6713095.909,2120.008,130,QDD_Main
16QDRInf_24,2535529.022,6713132.057,2129.784,114,QDD_Main
16QDRInf_25,2535516.68,6713082.004,2130.554,140,QDD_Main
16QDRInf_26,2535571.197,6713247.039,2121.94,150,QDD_Main
16QDRInf_27,2535572.17,6713210.841,2121.729,142,QDD_Main
16QDRInf_28,2535559.274,6713114.665,2130.198,146,QDD_Main
16QDRInf_29,2535560.572,6713097.916,2130.326,140,QDD_Main
16QDRInf_30,2535594.902,6713270.027,2121.679,140,QDD_Main
16QDRInf_31,2535572.557,6713066.502,2130.287,140,QDD_Main
16QDRInf_32,2535470.477,6713337.438,2100.497,190,QDD_Main
16QDRInf_33,2534748.634,6713928.447,2040.206,50,QDD_Main
16QDRInf_34,2534638.195,6713981.891,2039.076,70,QDD_Main
16QDRInf_35,2534615.766,6713969.439,2040.303,70,QDD_Main
16QDRInf_36,2534740.212,6713880.033,2049.883,60,QDD_Main
16QDRInf_37,2534191.128,6714229.892,2026.079,136,QDD_Main
16QDRInf_38,2534169.456,6714261.831,2022.466,130,QDD_Main
16QDRInf_39,2535057,6713352,2070,180,QDD_Main
16QDRInf_40,2535078,6713352,2070,180,QDD_Main
16QDRInf_41,2535072,6713326,2070,180,QDD_Main
16QDRInf_42,2535084,6713326,2070,180,QDD_Main
16QDRInf_43,2535103,6713338,2070,180,QDD_Main
16QDRInf_44,2535427,6713166,2080,114,QDD_Main
16QDRInf_45,2535427.01,6713166,2080,200,QDD_Main
16QDRInf_46,2534161.979,6714256.785,2022.156,216,QDD_Main
16QDRInf_47,2534165.54,6714256.488,2022.357,140,QDD_Main
16QDRInf_48,2534120.452,6714266.476,2020.32,152,QDD_Main
16QDRInf_49,2534189.173,6714242.136,2024.745,130,QDD_Main
16QDRInf_50,2534188.716,6714251.652,2024.138,140,QDD_Main
16QDRInf_51,2534144.984,6714261.783,2020.994,150,QDD_Main
16QDRInf_52,2534195.054,6714241.127,2025,150,QDD_Main
16QDRInf_53,2534229.193,6714180.306,2036.789,150,QDD_Main
16QDRInf_54,2534215.466,6714200.083,2033.901,230,QDD_Main
17QD-1038,2536425.032,6712927.065,2445.714,134.4,QDD_Main
17QD-1043,2536424.893,6712927.624,2443.859,146.4,QDD_Main
17QD-1044,2534672.846,6713566.793,2274.327,273,QDD_Main
17QD-1046,2536421.722,6712926.039,2443.825,176.6,QDD_Main
17QD-1047,2536521.958,6712964.529,2440.821,274.6,QDD_Main
17QD-1052,2534673.997,6713566.999,2273.305,49,QDD_Main
17QD-1054,2536522.645,6712964.691,2440.939,252,QDD_Main
17QD-1056,2534678.02,6713552,2272,154,QDD_Main
17QD-1059,2536382.01,6712896,2453,156,QDD_Main
17QD-1062,2536382.02,6712896,2453,155,QDD_Main
17QD-1063,2534678.03,6713552,2272,139.5,QDD_Main
17QD-1067,2536382,6712896,2453,164,QDD_Main
17QD-1068,2536066.03,6712854,2440,175.3,QDD_Main
17QD-1069,2534678.01,6713552,2272,192,QDD_Main
17QD-1071,2536066.01,6712854,2440,249,QDD_Main
17QD-1072,2534585.437,6713952.727,2050.364,80.5,QDD_Main
17QD-1073,2536066.02,6712854,2440,207.4,QDD_Main
17QD-1075,2534678.02,6713553,2272,124,QDD_Main
17QD-1077,2536118.03,6712903,2420,208.6,QDD_Main
17QD-1081,2534737.708,6713883.686,2049.97,50,QDD_Main
17QD-1083,2536118.01,6712903,2420,267,QDD_Main
17QD-1085,2534611.527,6713967.594,2040.388,65,QDD_Main
17QD-1086,2534632.11,6713966.039,2039.663,65,QDD_Main
17QD-1090,2534672.988,6713552.159,2274.949,165,QDD_Main
17QD-1091,2536118.02,6712903,2420,282.2,QDD_Main
17QD-1094,2534170.43,6714263.918,2022.581,130,QDD_Main
17QD-1098,2534176.054,6714254.211,2022.863,130,QDD_Main
17QD-1100,2534225.284,6714189.171,2035.605,70,QDD_Main
17QD-1101,2534155.797,6714260.696,2021.481,141,QDD_Main
17QD-1102,2534215.264,6714205.035,2033.389,43.2,QDD_Main
17QD-1105,2534187.525,6714249.639,2024.092,130,QDD_Main
17QD-1106,2534200.582,6714233.094,2026.711,130,QDD_Main
17QD-1107,2534165.751,6714256.559,2022.234,130,QDD_Main
17QD-1110,2534184.328,6714226.676,2025.588,90,QDD_Main
17QD-1111,2534170.756,6714239.87,2023.338,90,QDD_Main
17QD-1113,2534179.938,6714206.699,2031.372,85,QDD_Main
17QD-1115,2534190.548,6714206.718,2031.217,90,QDD_Main
17QD-1118,2534139.588,6714257.58,2021.012,90,QDD_Main
17QD-1132,2533832.973,6713753.474,2355.718,350,QDD_Main
17QD-1137,2533833.244,6713751.745,2355.858,350,QDD_Main
17QD-1138,2535886.02,6712953,2290,376.5,QDD_Main
17QD-1139,2535886.01,6712953,2290,299.8,QDD_Main
17QD-1140,2535886.04,6712953,2290,319.9,QDD_Main
17QD-1141,2535886.03,6712953,2290,320,QDD_Main
17QD-1142,2535886,6712953,2290,305,QDD_Main
17QD-1143,2533843.02,6713762,2354,45,QDD_Main
17QD-1144,2533806.21,6713716.779,2355.321,294.6,QDD_Main
17QD-1145,2533806.38,6713717.384,2355.307,287,QDD_Main
17QD-1146,2533843.01,6713762,2354,240,QDD_Main
17QD-1147,2533807.455,6713718.668,2355.327,269,QDD_Main
17QDR-1037,2536007.941,6712790.748,2460.074,150,QDD_Main
17QDR-1039,2536008.116,6712789.618,2460.138,150,QDD_Main
17QDR-1040,2536001.031,6712789.665,2460.169,400,QDD_Main
17QDR-1041,2536189.717,6712795.584,2512.479,150,QDD_Main
17QDR-1042,2536191.844,6712789.161,2512.774,150,QDD_Main
17QDR-1045,2536138.24,6712760.842,2513.459,120,QDD_Main
17QDR-1048,2536015.396,6712701.443,2510.628,100,QDD_Main
17QDR-1049,2536046.727,6712718.329,2511.319,100,QDD_Main
17QDR-1050,2536074.722,6712733.335,2511.555,100,QDD_Main
17QDR-1051,2534469.129,6713284.088,2515.769,350,QDD_Main
17QDR-1053,2534471.793,6713285.559,2515.684,350,QDD_Main
17QDR-1055,2534473.291,6713282.257,2515.932,350,QDD_Main
17QDR-1057,2534502.875,6713229.205,2517.315,350,QDD_Main
17QDR-1058,2534473.319,6713271.308,2516.767,350,QDD_Main
17QDR-1060,2534472.94,6713275.177,2516.415,350,QDD_Main
17QDR-1061,2534713,6713468,2277,220,QDD_Main
17QDR-1064,2534708,6713467,2277,200,QDD_Main
17QDR-1065,2534710,6713465,2277,220,QDD_Main
17QDR-1066,2534707,6713464,2277,200,QDD_Main
17QDR-1070,2536006.01,6712788,2460,400,QDD_Main
17QDR-1074,2535939.01,6712863,2380,400,QDD_Main
17QDR-1076,2535939.02,6712863,2380,400,QDD_Main
17QDR-1078,2535939.03,6712863,2380,400,QDD_Main
17QDR-1079,2535939.04,6712863,2380,400,QDD_Main
17QDR-1080,2535939.05,6712863,2380,400,QDD_Main
17QDR-1082,2535939.06,6712863,2380,400,QDD_Main
17QDR-1084,2535939.07,6712863,2380,400,QDD_Main
17QDR-1087,2534705.964,6713468.103,2277.174,350,QDD_Main
17QDR-1088,2534704.112,6713469.456,2277.341,250,QDD_Main
17QDR-1089,2534687.328,6713499.105,2277.685,102,QDD_Main
17QDR-1092,2534686.632,6713501.563,2277.56,200,QDD_Main
17QDR-1093,2534464.856,6713448.135,2421.76,300,QDD_Main
17QDR-1095,2533804.678,6713719.388,2355.579,350,QDD_Main
17QDR-1096,2533808.43,6713709.546,2355.399,350,QDD_Main
17QDR-1097,2533829.928,6713750.763,2355.981,350,QDD_Main
17QDR-1099,2533809.281,6713721.254,2355.592,400,QDD_Main
17QDR-1103,2533840.569,6713753.896,2355.175,96,QDD_Main
17QDR-1104,2533839.684,6713753.191,2355.317,400,QDD_Main
17QDR-1108,2533799.971,6713507.305,2398.721,380,QDD_Main
17QDR-1109,2533808.451,6713514.237,2399.898,350,QDD_Main
17QDR-1112,2533953.159,6713547.466,2450.173,400,QDD_Main
17QDR-1114,2534404.01,6713697,2249,300,QDD_Main
17QDR-1116,2534429,6713692,2249,200,QDD_Main
17QDR-1117,2534404,6713697,2249,300,QDD_Main
17QDR-1119,2534489,6713707,2230,250,QDD_Main
17QDR-1120,2536001.013,6712789.489,2460.224,250,QDD_Main
17QDR-1121,2535996.869,6712785.76,2460.116,394,QDD_Main
17QDR-1122,2536000.143,6712787.265,2460.14,200,QDD_Main
17QDR-1123,2535939.08,6712863,2380,400,QDD_Main
17QDR-1124,2535939.09,6712864,2380,300,QDD_Main
17QDR-1125,2536140,6712792,2510,230,QDD_Main
17QDR-1126,2536192.01,6712789,2510,90,QDD_Main
17QDR-1127,2536175,6712789,2510,90,QDD_Main
17QDR-1128,2536152,6712789,2510,96,QDD_Main
17QDR-1129,2536143,6712787,2510,100,QDD_Main
17QDR-1130,2536108,6712746,2510,82,QDD_Main
17QDR-1131,2534105.203,6713597.651,2401.814,400,QDD_Main
17QDR-1133,2534104.495,6713599.843,2401.755,400,QDD_Main
17QDR-1134,2534106.961,6713603.123,2401.77,400,QDD_Main
17QDR-1135,2534023.003,6713343.026,2486.032,400,QDD_Main
17QDR-1136,2534032.533,6713343.706,2486.216,400,QDD_Main
17QDRInf_01,2535406.247,6713258.986,2040.002,90,QDD_Main
17QDRInf_02,2535417.933,6713297.707,2039.929,100,QDD_Main
17QDRInf_03,2535431.453,6713215.509,2040.023,66,QDD_Main
17QDRInf_04,2535446.267,6713270.141,2040.165,100,QDD_Main
17QDRInf_05,2535451.91,6713309.881,2040.02,100,QDD_Main
17QDRInf_06,2535477.088,6713244.101,2040.118,100,QDD_Main
17QDRInf_07,2535483.419,6713268.884,2040.143,98,QDD_Main
17QDRInf_08,2535488.232,6713303.772,2039.727,96,QDD_Main
17QDRInf_09,2535501.313,6713249.709,2040.124,110,QDD_Main
17QDRInf_10,2535512.923,6713236.325,2039.985,100,QDD_Main
17QDRInf_11,2535511.327,6713209.038,2049.978,64,QDD_Main
17QDRInf_12,2535526.775,6713251.39,2039.697,110,QDD_Main
17QDRInf_13,2535529.037,6713152.775,2050.176,62,QDD_Main
17QDRInf_14,2535544.283,6713216.222,2050.195,80,QDD_Main
17QDRInf_15,2535561.398,6713259.426,2049.94,84,QDD_Main
17QDRInf_16,2535571.266,6713134.811,2050.029,52,QDD_Main
17QDRInf_17,2535606.283,6713241.333,2050.054,90,QDD_Main
17QDRInf_18,2535585.753,6713173.005,2049.803,40,QDD_Main
17SAD-001,2536785.24,6715449.285,1626.946,150,QDD_Main
18QD-1148,2533839.38,6713756.305,2354.968,296,QDD_Main
18QD-1149,2533806.987,6713716.591,2355.304,315,QDD_Main
18QD-1150,2533807.046,6713717.783,2355.258,317,QDD_Main
18QD-1151,2533806.757,6713718.675,2355.377,335,QDD_Main
18QD-1152,2533806.482,6713714.293,2355.247,392,QDD_Main
18QD-1153,2534616.27,6713658.751,2250.406,277.4,QDD_Main
18QD-1154,2533805.478,6713714.62,2355.289,347,QDD_Main
18QD-1155,2534618.008,6713656.356,2250.373,202.5,QDD_Main
18QD-1156,2533804.177,6713506.599,2398.75,345.1,QDD_Main
18QD-1157,2534615.028,6713656.661,2250.412,252,QDD_Main
18QD-1158,2533806.12,6713510.003,2399.082,330,QDD_Main
18QD-1159,2534614.256,6713656.321,2250.503,243.5,QDD_Main
18QD-1160,2533833.828,6713752.768,2355.597,335,QDD_Main
18QD-1161,2533808.07,6713718.471,2355.46,378.5,QDD_Main
18QD-1162,2532879.937,6714278.277,2168.003,300,QDD_Main
18QD-1163,2533808.904,6713718.677,2355.362,353.5,QDD_Main
18QD-1164,2532878.378,6714279.767,2168.263,189,QDD_Main
18QD-1165,2532885.389,6714283.213,2167.627,206,QDD_Main
18QD-1166,2533809.844,6713719.155,2355.429,336.4,QDD_Main
18QD-1167,2532881.353,6714275.964,2167.869,202,QDD_Main
18QD-1168,2532879.026,6714277.396,2168.56,199.5,QDD_Main
18QD-1169,2533806.919,6713716.996,2355.312,338,QDD_Main
18QD-1170,2533806.817,6713713.169,2355.122,160.1,QDD_Main
18QD-1171,2533806.943,6713714.846,2355.221,384.2,QDD_Main
18QD-1172,2533806.378,6713713.667,2355.095,367,QDD_Main
18QD-1173,2532098.417,6713907.631,2423.57,252.5,QDD_Main
18QD-1174,2533807.709,6713714.073,2355.266,326.5,QDD_Main
18QD-1175,2532100.931,6713911.718,2423.074,34.5,QDD_Main
18QD-1176,2533806.465,6713719.656,2355.363,383,QDD_Main
18QD-1177,2532100.802,6713912.468,2423.045,259,QDD_Main
18QD-1178,2532103.563,6713910.986,2422.888,256,QDD_Main
18QD-1179,2533841.167,6713751.474,2355.381,354.3,QDD_Main
18QD-1180,2533807.797,6713715.547,2355.313,350,QDD_Main
18QD-1181,2532210.645,6714018.968,2381.787,251,QDD_Main
18QD-1182,2533807.881,6713714.904,2355.333,384.4,QDD_Main
18QD-1183,2532212.727,6714017.039,2381.931,253.3,QDD_Main
18QD-1184,2532212.941,6714017.955,2381.877,251,QDD_Main
18QD-1185,2533807.826,6713714.604,2355.282,377,QDD_Main
18QD-1186,2532451.504,6714168.56,2303.699,255,QDD_Main
18QD-1187,2532449.691,6714171.517,2303.835,273,QDD_Main
18QD-1188,2533806.795,6713718.007,2355.294,372.6,QDD_Main
18QD-1189,2533833.392,6712831.964,2326.537,1100,QDD_Main
18QD-1196,2534309.859,6713481.007,1889.489,456,QDD_Main
18QD-1200,2534309.01,6713482,1884,397.8,QDD_Main
18QD-1201,2534309.02,6713482,1884,420.5,QDD_Main
18QDR-1190,2532540.057,6715041.758,2224.097,234,QDD_Main
18QDR-1191,2532535.916,6715039.429,2224.097,250,QDD_Main
18QDR-1192,2532545.248,6715033.963,2223.944,250,QDD_Main
18QDR-1193,2532734.248,6714743.559,2311.598,250,QDD_Main
18QDR-1194,2532734.914,6714741.36,2311.677,250,QDD_Main
18QDR-1195,2532736.142,6714732.018,2312.123,250,QDD_Main
18QDR-1197,2533728.062,6713690.331,2310.885,300,QDD_Main
18QDR-1198,2533728.86,6713689.643,2310.805,320,QDD_Main
18QDR-1199,2533726.269,6713690.672,2310.828,330,QDD_Main
18QDR-1202,2533728.01,6713687.709,2310.842,300,QDD_Main
18QDR-1203,2533725.744,6713688.459,2310.929,300,QDD_Main
18QDR-1204,2533724.668,6713688.436,2310.943,300,QDD_Main
18QDR-1205,2533619.015,6713529.019,2301.621,350,QDD_Main
18QD-TR-001,2533570.9,6713290.1,2284,49.2,QDD_Main
18QD-TR-002,2533601.4,6713349,2290,22.87,QDD_Main
18QD-TR-003,2533649.4,6713360.4,2295,8.1,QDD_Main
18QD-TR-004,2533647,6713375.4,2295,6,QDD_Main
18QD-TR-005,2533640.6,6713409.1,2300,22.25,QDD_Main
18QD-TR-006,2533624.9,6713437.1,2303,20.85,QDD_Main
18QD-TR-007,2533636.8,6713459.5,2303,9.65,QDD_Main
18QD-TR-008,2533629.6,6713517.1,2303,88.2,QDD_Main
18QD-TR-009,2533668.8,6713558.3,2303,91.1,QDD_Main
18QD-TR-010,2533693.424,6713647.641,2303.987,85,QDD_Main
18SAD-002,2536776.25,6715395.826,1629.785,154.5,QDD_Main
18SAD-003,2536835.691,6715405.161,1664.678,126.75,QDD_Main
18SAD-004,2536834.901,6715404.834,1664.697,126.8,QDD_Main
18SAD-005,2536832.916,6715404.168,1664.675,155,QDD_Main
18SAD-006,2536833.275,6715404.017,1664.644,183.5,QDD_Main
18SAD-007,2536837.774,6715402.024,1664.408,171,QDD_Main
18SAD-008,2536837.814,6715401.661,1664.575,154.5,QDD_Main
18SAD-009,2536590.493,6715664.57,1706.786,87,QDD_Main
18SAD-010,2536592.292,6715659.189,1706.522,72.5,QDD_Main
18SAD-011,2536592.214,6715658.893,1706.512,162,QDD_Main
18SAD-012,2536667.12,6715713,1737,285.5,QDD_Main
18SAD-013,2536667.09,6715713,1737,301,QDD_Main
18SAD-014,2536667.01,6715713,1737,254.4,QDD_Main
18SAD-015,2536667.02,6715713,1737,250,QDD_Main
18SAD-016,2536667.03,6715713,1737,233.5,QDD_Main
18SAD-017,2536667.04,6715713,1737,250.5,QDD_Main
18SAD-018,2536667.05,6715713,1737,227.6,QDD_Main
18SAD-019,2536667.07,6715713,1737,250.5,QDD_Main
18SAD-020,2536667.08,6715713,1737,250.5,QDD_Main
19QD-1206,2533806.721,6713712.168,2355.85,360,QDD_Main
19QD-1208,2533805.739,6713712.071,2355.702,350,QDD_Main
19QD-1215,2533806.14,6713712.924,2355.735,286,QDD_Main
19QD-1223,2533806.196,6713714.936,2355.327,365.3,QDD_Main
19QD-1234,2533810.622,6713718.669,2355.457,375,QDD_Main
19QD-1244,2533808.946,6713717.082,2356.185,350,QDD_Main
19QD-1247,2534533.241,6713225.345,1822.109,235,QDD_Main
19QD-1255,2534533.419,6713225.312,1821.742,188,QDD_Main
19QD-1256,2535693.141,6712361.125,2686.111,420,QDD_Main
19QD-1259,2534533.05,6713224.815,1822.138,301,QDD_Main
19QD-1263,2534532.95,6713224.21,1822.43,81,QDD_Main
19QD-1264,2534532.93,6713223.68,1822.22,284.6,QDD_Main
19QD-1265,2534532.597,6713223.452,1821.718,160,QDD_Main
19QD-1266,2534532.778,6713226.176,1821.967,220,QDD_Main
19QD-1267,2534532.87,6713225.874,1820.882,133,QDD_Main
19QD-1268,2534531.086,6713225.759,1820.753,168.6,QDD_Main
19QD-1269,2534526.163,6713220.19,1821.634,679.6,QDD_Main
19QD-1277,2534991.224,6713197.316,1820.298,250,QDD_Main
19QD-1278,2534991.329,6713197.514,1819.816,220,QDD_Main
19QD-1279,2534991.907,6713199.152,1820.714,181,QDD_Main
19QD-1280,2534526.09,6713225.781,1821.279,550,QDD_Main
19QD-1281,2534531,6713222,1820,553.5,QDD_Main
19QD-1282,2535061.622,6713211.023,1882.603,190,QDD_Main
19QD-1283,2535060.788,6713211.524,1883.374,98.3,QDD_Main
19QDR-1207,2533726.171,6713686.172,2310.869,270,QDD_Main
19QDR-1209,2533621.01,6713527,2301,350,QDD_Main
19QDR-1210,2533618.987,6713527.795,2301.594,300,QDD_Main
19QDR-1211,2533619.052,6713527.225,2301.535,300,QDD_Main
19QDR-1212,2533625.693,6713524.396,2301.542,300,QDD_Main
19QDR-1213,2533619.375,6713526.481,2301.656,300,QDD_Main
19QDR-1214,2533620.323,6713526.49,2301.747,270,QDD_Main
19QDR-1216,2533728.822,6713687.368,2310.777,300,QDD_Main
19QDR-1217,2533729.412,6713687.984,2311.031,300,QDD_Main
19QDR-1218,2533667.179,6713620.486,2301.424,300,QDD_Main
19QDR-1219,2533667.676,6713619.679,2301.449,300,QDD_Main
19QDR-1220,2533663.69,6713615.672,2301.518,270,QDD_Main
19QDR-1221,2533664.04,6713617,2302,300,QDD_Main
19QDR-1222,2533726.945,6713864.969,2174.346,300,QDD_Main
19QDR-1224,2533663.905,6713610.861,2301.688,240,QDD_Main
19QDR-1225,2533726.424,6713864.165,2174.303,270,QDD_Main
19QDR-1226,2533622.476,6713524.452,2301.508,270,QDD_Main
19QDR-1227,2533729.597,6713864.289,2174.385,270,QDD_Main
19QDR-1228,2533622.766,6713522.425,2301.466,260,QDD_Main
19QDR-1229,2533717.904,6713858.947,2175.018,250,QDD_Main
19QDR-1230,2533626.972,6713523.513,2301.722,240,QDD_Main
19QDR-1231,2533483.776,6713613.871,2191.394,250,QDD_Main
19QDR-1232,2533486.131,6713628.228,2190.646,250,QDD_Main
19QDR-1233,2533499.606,6713624.13,2190.274,240,QDD_Main
19QDR-1235,2533484.38,6713624.129,2190.861,240,QDD_Main
19QDR-1236,2533493.036,6713616.894,2190.948,240,QDD_Main
19QDR-1237,2533483.746,6713625.929,2190.849,240,QDD_Main
19QDR-1238,2533713.284,6713850.078,2175.364,240,QDD_Main
19QDR-1239,2533630.884,6713738.262,2183.213,280,QDD_Main
19QDR-1240,2533567.203,6713696.809,2180.466,300,QDD_Main
19QDR-1241,2533630.363,6713737.058,2183.153,250,QDD_Main
19QDR-1242,2533618.617,6713732.675,2183.219,250,QDD_Main
19QDR-1243,2533567.271,6713695.479,2180.663,268,QDD_Main
19QDR-1245,2533621.869,6713509.927,2301.249,200,QDD_Main
19QDR-1246,2533576.281,6713691.69,2180.666,270,QDD_Main
19QDR-1248,2533621.869,6713511.027,2301.249,220,QDD_Main
19QDR-1249,2533621.557,6713522.297,2301.437,220,QDD_Main
19QDR-1250,2533575.002,6713687.565,2180.66,250,QDD_Main
19QDR-1251,2533667.54,6713612.09,2301.791,150,QDD_Main
19QDR-1252,2533666.773,6713605.134,2302.048,200,QDD_Main
19QDR-1253,2533188.249,6713796.235,2245.775,400,QDD_Main
19QDR-1254,2533186.715,6713793.854,2245.688,400,QDD_Main
19QDR-1257,2533389.868,6713484.27,2244.025,174,QDD_Main
19QDR-1258,2533389.097,6713482.34,2243.724,254,QDD_Main
19QDR-1260,2533387.825,6713474.44,2244.337,90,QDD_Main
19QDR-1261,2534544.708,6713028.986,2564.505,350,QDD_Main
19QDR-1262,2534544.242,6713027.064,2564.396,350,QDD_Main
19QDR-1270,2533625.719,6713731.765,2182.859,250,QDD_Main
19QDR-1271,2533659.767,6713554.506,2301.857,140,QDD_Main
19QDR-1272,2533619.254,6713526.316,2301.575,166,QDD_Main
19QDR-1273,2533620.258,6713526.506,2301.583,80,QDD_Main
19QDR-1274,2533625.579,6713529.73,2301.661,80,QDD_Main
19QDR-1275,2533630.768,6713456.641,2301.546,160,QDD_Main
19QDR-1276,2533619.431,6713435.908,2301.414,150,QDD_Main
19SAR-021,2536189.058,6716184.718,1595.554,200,QDD_Main
19SAR-022,2536145.352,6715961.449,1575.014,200,QDD_Main
19SAR-023,2536129.984,6716079.123,1581.476,200,QDD_Main
19SAR-024,2537022.061,6715156.634,1818.049,350,QDD_Main
19SAR-025,2537037.888,6715150.435,1818.654,250,QDD_Main
19SAR-026,2537038.895,6715154.854,1818.128,258,QDD_Main
19SAT-021,2536674.387,6715718.796,1739.717,53.8,QDD_Main
2015_Infill_01,2535478.595,6713057.166,2219.613,156,QDD_Main
2015_Infill_02,2535483.704,6713069.441,2219.354,168,QDD_Main
2015_Infill_03,2535459.695,6713082.787,2219.727,144,QDD_Main
2015_Infill_04,2535467.576,6713098.33,2219.974,172,QDD_Main
2015_Infill_05,2535420.008,6713074.076,2220.371,162,QDD_Main
2015_Infill_06,2535431.219,6713096.957,2220.397,166,QDD_Main
2015_Infill_07,2535392.877,6713080.063,2209.87,130,QDD_Main
2015_Infill_08,2535401.272,6713097.95,2210.026,128,QDD_Main
2015_Infill_09,2535376.393,6713120.859,2210.226,140,QDD_Main
2015_Infill_10,2535352.79,6713144.172,2209.982,138,QDD_Main
2015_Infill_11,2535316.18,6713133.734,2209.53,150,QDD_Main
2015_Infill_12,2535299.845,6713164.407,2200.206,134,QDD_Main
2015_Infill_13,2535281.827,6713127.454,2210.207,140,QDD_Main
2015_Infill_14,2535263.821,6713162.825,2210.861,124,QDD_Main
2015_Infill_15,2535256.979,6713148.476,2210.701,100,QDD_Main
2015_Infill_16,2535230.426,6713162.764,2200.715,106,QDD_Main
2015_Infill_17,2535202.259,6713172.959,2200.567,106,QDD_Main
2015_Infill_18,2535208.583,6713187.378,2200.848,70,QDD_Main
2015_Infill_19,2535175.768,6713180.868,2200.046,124,QDD_Main
2015_Infill_20,2535144.866,6713191.383,2210.898,106,QDD_Main
2015_Infill_21,2535151.572,6713207.679,2199.924,104,QDD_Main
2015_Infill_22,2535118.919,6713204.048,2209.947,106,QDD_Main
2015_Infill_23,2535130.456,6713228.5,2199.944,92,QDD_Main
2015_Infill_24,2535088.236,6713214.439,2209.907,116,QDD_Main
2015_Infill_25,2535100.557,6713236.861,2210.164,94,QDD_Main
2015_Infill_26,2535070.052,6713238.677,2210.223,130,QDD_Main
2015_Infill_27,2535027.031,6713245.882,2210.435,132,QDD_Main
2015_Infill_28,2535001.607,6713266.074,2209.975,130,QDD_Main
2015_Infill_29,2534991.809,6713302.653,2210.366,118,QDD_Main
2015_Infill_30,2534968.849,6713324.077,2209.639,122,QDD_Main
20SAT-022,2536612.4,6715770.4,1745.5,26,QDD_Main
20SAT-023,2536595.5,6715788.8,1737.7,20,QDD_Main
20SAT-024,2536597.9,6715797.2,1742,21,QDD_Main
20SAT-025,2536595.4,6715804.6,1749,22,QDD_Main
20SAT-026,2536657,6715797,1774,20.4,QDD_Main
20SAT-027,2536675,6715801,1786,21,QDD_Main
20SAT-028,2536652.46,6715767.266,1748.268,44,QDD_Main
20SAT-029,2536666,6715758,1759,31.6,QDD_Main
20SAT-030,2536699,6715791,1770,22,QDD_Main
20SAT-031,2536670,6715797,1777,27,QDD_Main
20SAT-032,2536701,6715788,1769,39.5,QDD_Main
20SAT-033,2536676,6715753,1761,54,QDD_Main
20SAT-034,2536001,6716065,1629,34,QDD_Main
20SAT-035,2535957,6716066,1626,33,QDD_Main
98QD-001,2535605.16,6713161.31,2106.48,220.25,QDD_Main
98QD-002,2535552.67,6713190.22,2088,174.74,QDD_Main
98QD-003,2535474.75,6713308.69,2123.5,33.25,QDD_Main
98QD-004,2535549.56,6713185.73,2088,151.43,QDD_Main
98QD-005,2535597.35,6713217.07,2193.36,274.83,QDD_Main
98QD-006,2535597.36,6713217.07,2193.36,251.86,QDD_Main
98QD-007,2535597.37,6713217.07,2193.36,156.31,QDD_Main
98QD-008,2535625.1,6713137.69,2116.41,143.25,QDD_Main
98QD-009,2535344.61,6713126.46,2258.14,307.13,QDD_Main
98QD-010,2535602.11,6713172.4,2113.93,47.53,QDD_Main
98QD-011,2535344.45,6713126.43,2258.19,275,QDD_Main
98QD-012,2536179.26,6713243.81,2318,277.67,QDD_Main
98QD-013,2535602.37,6713172.94,2113.93,5.79,QDD_Main
98QD-014,2535852.44,6713090.19,2431.71,386.96,QDD_Main
99QD-024,2535453.06,6713275.78,2119.5,150.11,QDD_Main
99QD-025,2535399.41,6713323.24,2115,156.96,QDD_Main
99QD-026,2536160.73,6713068.56,2434.58,178.13,QDD_Main
99QD-027,2535851.82,6713088.48,2431.71,398.33,QDD_Main
99QD-028,2535902.1,6713234.69,2310.78,227.23,QDD_Main
99QD-029,2536192.69,6713189.94,2345,203.13,QDD_Main
99QD-030,2536029.59,6713184.86,2377.24,247.66,QDD_Main
99QD-031,2535765.54,6713144.17,2344.98,276.33,QDD_Main
99QD-032,2536177.54,6713241.76,2318,57.95,QDD_Main
99QD-033,2536177.26,6713241.6,2318,175.99,QDD_Main
99QD-034,2536195.02,6713188.85,2345,122,QDD_Main
99QD-035,2535902.43,6713234.96,2310.78,116.51,QDD_Main
99QD-036,2535764.71,6713142.47,2345.45,284.26,QDD_Main
99QD-037,2535900.55,6713235.32,2310.78,261.69,QDD_Main
99QD-038,2535954.28,6712950.03,2545,74.42,QDD_Main
99QD-039,2535902.7,6713234.91,2310.78,80.52,QDD_Main
99QD-040,2535722.46,6713278.88,2161.45,117.12,QDD_Main
99QD-041,2535523.53,6713183.13,2090,157.38,QDD_Main
99QD-042,2535194.4,6713342.61,2064,50.94,QDD_Main
99QDR-015,2535464.54,6713324.96,2123.14,220,QDD_Main
99QDR-016,2535525.51,6713182.33,2090,150,QDD_Main
99QDR-017,2535480.51,6713228.92,2109,140,QDD_Main
99QDR-018,2535451.94,6713274.21,2119.5,115,QDD_Main
99QDR-019,2535401.49,6713321.54,2115,30,QDD_Main
99QDR-020,2535401.02,6713321.89,2115,150,QDD_Main
99QDR-021,2535193.4,6713342.03,2064,270,QDD_Main
99QDR-022,2535278.55,6713297.84,2083,175,QDD_Main
99QDR-023,2535549.8,6713198.2,2088,150,QDD_Main
DTH-01,2536180.06,6713246.82,2316.27,6,QDD_Main
DTH-02,2536185.7,6713243.63,2316.05,6,QDD_Main
DTH-03,2536184.35,6713248.23,2316.15,6,QDD_Main
DTH-04,2536188.69,6713249.53,2315.94,6,QDD_Main
DTH-05,2536187.36,6713254.02,2316.08,6,QDD_Main
DTH-06,2536182.91,6713252.54,2316.12,6,QDD_Main
DTH-07,2536178.7,6713251.24,2316.37,6,QDD_Main
DTH-08,2536181.65,6713257.11,2316.44,6,QDD_Main
DTH-09,2536228.89,6713135.1,2373.75,6,QDD_Main
DTH-10,2536222.68,6713137.02,2373.86,6,QDD_Main
DTH-11,2536220.38,6713140.81,2373.86,6,QDD_Main
DTH-12,2536226.66,6713139.05,2373.86,6,QDD_Main
DTH-13,2536230.63,6713141.36,2373.58,6,QDD_Main
DTH-14,2536227.5,6713142.23,2373.58,6,QDD_Main
DTH-15,2536224.44,6713143.31,2373.44,6,QDD_Main
DTH-16,2536222.09,6713147.1,2373.86,6,QDD_Main
DTH-17,2536226.82,6713145.8,2373.86,6,QDD_Main
DTH-18,2536228.38,6713145.34,2373.86,6,QDD_Main
DTH-19,2536229.86,6713144.95,2373.86,6,QDD_Main
DTH-20,2536233.08,6713144.05,2373.86,6,QDD_Main
DTH-21,2536232.32,6713147.64,2373.86,6,QDD_Main
DTH-22,2536229.24,6713148.49,2373.86,6,QDD_Main
DTH-23,2536226.52,6713149.51,2372.46,6,QDD_Main
H-10,2534525.27,6713970.44,2071.44,43.55,QDD_Main
H-105,2534871.85,6713855.28,1999.71,140.4,QDD_Main
H-11,2534525.28,6713970.79,2069.47,47.65,QDD_Main
H-110,2534955.19,6713757.24,2013.67,97.4,QDD_Main
H-113,2534652.63,6714083.29,2019.66,206.3,QDD_Main
H-117,2534527.87,6714041.98,2020.02,116.32,QDD_Main
H-12,2534634.66,6713985.75,2077.42,61,QDD_Main
H-122,2534690.35,6714117.42,2021.87,124.45,QDD_Main
H-123,2534468.83,6714032.11,2021.87,130.41,QDD_Main
H-129,2534228.28,6714352.98,1962.74,100,QDD_Main
H-13,2534635,6713981.14,2077.77,98.7,QDD_Main
H-130,2534239.05,6714332.05,1963.98,69.7,QDD_Main
H-131,2534242.06,6714303.91,1965.82,60,QDD_Main
H-14,2534763.6,6713938.66,2053.72,59,QDD_Main
H-15,2534620.71,6714013.85,2055.01,72,QDD_Main
H-16,2534177.85,6714119.55,2103.75,114.5,QDD_Main
H-17,2534177.84,6714119.55,2103.75,219.4,QDD_Main
H-18,2534179.08,6714121.59,2105.6,135.55,QDD_Main
H-18A,2534179.08,6714119.59,2105.6,151.8,QDD_Main
H-22,2534594.8,6714060.83,2015.5,124.1,QDD_Main
H-23,2534594.81,6714060.83,2015.5,157.1,QDD_Main
H-3,2534701.94,6713977.76,2101.45,50,QDD_Main
H-3A,2534701.93,6713977.76,2101.45,145,QDD_Main
H-4,2534705.13,6713979.05,2101.25,85.5,QDD_Main
H-4A,2534705.14,6713979.05,2101.25,149,QDD_Main
H-5,2534702.47,6713978.66,2101.09,126,QDD_Main
H-6,2534702.63,6713978.27,2101.29,146.2,QDD_Main
H-7,2534699.38,6713976.81,2102.45,125.3,QDD_Main
H-8,2534703.45,6713978.09,2101.2,178.1,QDD_Main
H-84,2534068.38,6714236.41,1990.75,49,QDD_Main
H-9,2534575.07,6713980.41,2073.69,94.5,QDD_Main
H-90,2534544.66,6714058.04,2012.75,150,QDD_Main
H-92,2534544.65,6714058.04,2012.75,150.2,QDD_Main
H-97,2534625.63,6714076.15,2014.75,162,QDD_Main
H-99,2534570.89,6714068.07,2017.61,128.6,QDD_Main
INF2013_01,2534582.21,6713344.77,1850.95,119,QDD_Main
INF2013_02,2534581.95,6713345.25,1850.77,72,QDD_Main
INF2013_03,2534581.48,6713344.47,1854.07,79.7,QDD_Main
INF2013_04,2534620.94,6713356.05,1849.86,111,QDD_Main
INF2013_05,2534978.77,6713261.75,1918.04,97.1,QDD_Main
INF2013_06,2534622.3,6713355.27,1850.86,99.8,QDD_Main
INF2013_07,2534619.7,6713356.35,1849.97,98.25,QDD_Main
INF2013_08,2534979.36,6713261.63,1918.02,117,QDD_Main
INF2013_09,2534619.83,6713356.95,1849.66,76,QDD_Main
INF2013_10,2534620.18,6713356.33,1849.94,99,QDD_Main
INF2013_11,2534662.03,6713366.28,1850.9,209.5,QDD_Main
INF2013_12,2534977.5,6713264.68,1918.04,130.2,QDD_Main
INF2013_13,2534662.16,6713366.05,1850.3,204,QDD_Main
INF2013_14,2534972.61,6713261.22,1920.68,60,QDD_Main
INF2013_15,2534931.24,6713196.33,1909.46,132,QDD_Main
INF2013_16,2534710.36,6713362.53,1850.34,95,QDD_Main
INF2013_17,2534710.53,6713363.13,1850.72,141,QDD_Main
INF2013_18,2534710.84,6713363.21,1850.65,157,QDD_Main
INF2013_19,2534931.3,6713195.39,1909.43,151,QDD_Main
INF2013_20B,2534709.69,6713362.9,1852.3,200,QDD_Main
INF2013_21,2534710.51,6713363.13,1850.63,91,QDD_Main
INF2013_22,2534931.04,6713196.05,1909.42,153,QDD_Main
INF2013_23,2534710.45,6713362.69,1853.44,86,QDD_Main
INF2013_24,2534949.42,6713220.07,1911.47,20.6,QDD_Main
INF2013_25B,2534867.47,6713199.71,1902.21,155.3,QDD_Main
INF2013_27,2534794.01,6713351.15,1851.19,165,QDD_Main
INF2013_28,2534797.41,6713349.66,1851.59,136,QDD_Main
INF2013_29,2534886.07,6713199.4,1901.95,193,QDD_Main
INF2013_30,2534939.48,6713198.19,1913.27,72,QDD_Main
INF2013_31,2534940.37,6713198.32,1912.75,63.77,QDD_Main
INF2013_32,2534941.71,6713198.99,1913.83,83,QDD_Main
INF2013_33,2534941.73,6713199.24,1912.79,78,QDD_Main
INF20132013_34,2534945.84,6713204.85,1912,159.5,QDD_Main
INF20132013_35,2534945.46,6713204.84,1912,117.5,QDD_Main
P-20QD-001,2534533,6713224,1820,125,QDD_Main
P-20QD-002,2534533,6713224,1820,120,QDD_Main
P-20QD-003,2534533,6713224,1820,110,QDD_Main
P-20QD-004,2534533,6713224,1820,115,QDD_Main
P-20QD-005,2534533,6713224,1820,120,QDD_Main
P-20QD-006,2534533,6713224,1820,150,QDD_Main
P-20QD-007,2534533,6713224,1820,150,QDD_Main
P-20QD-008,2534533,6713224,1820,120,QDD_Main
P-20QD-009,2534533,6713224,1820,130,QDD_Main
P-20QD-010,2534315,6713484,1889,165,QDD_Main
P-20QD-011,2534315,6713484,1889,170,QDD_Main
P-20QD-012,2534315,6713484,1889,175,QDD_Main
P-20QD-013,2534315,6713484,1889,180,QDD_Main
P-20QD-014,2534315,6713484,1889,170,QDD_Main
P-20QD-015,2534315,6713484,1889,180,QDD_Main
P-20QD-016,2534315,6713484,1889,160,QDD_Main
P-20QD-019,2534295,6714010,2138,150,QDD_Main
P-20QD-021,2534360,6713906,2165,220,QDD_Main
P-20QD-024,2534360,6713904,2165,200,QDD_Main
P-20QD-026,2534351,6713906,2165,200,QDD_Main
P-20QD-028,2534352,6713907,2165,150,QDD_Main
P-20QDR-017,2534295,6714010,2138,125,QDD_Main
P-20QDR-018,2534295,6714010,2138,160,QDD_Main
P-20QDR-020,2534295,6714010,2138,180,QDD_Main
P-20QDR-022,2534360,6713906,2165,220,QDD_Main
P-20QDR-023,2534360,6713906,2165,220,QDD_Main
P-20QDR-025,2534360,6713904,2165,190,QDD_Main
P-20QDR-027,2534351,6713906,2165,180,QDD_Main
P-20QDR-029,2534352,6713907,2165,225,QDD_Main
TE,2535310.287,6713534.15,1963.266,651.6,QDD_Main
UH-1,2534767.02,6713925.37,2027.2,33.72,QDD_Main
UH-10,2534645.76,6713954.31,2028.12,58,QDD_Main
UH-100,2534660.27,6713978.03,2001.16,66.58,QDD_Main
UH-102,2534724,6713949,2000.75,61.54,QDD_Main
UH-103,2534759.55,6713947.16,2000.75,60.43,QDD_Main
UH-104,2534723.5,6713954.08,2000.75,54.5,QDD_Main
UH-106,2534670.17,6713971.17,2002.17,64.67,QDD_Main
UH-107,2534660.26,6713978.03,2001.16,59.3,QDD_Main
UH-108,2534670.27,6713971.17,2002.17,54.23,QDD_Main
UH-109,2534681.48,6713969.12,2002.17,65.6,QDD_Main
UH-11,2534677.16,6713978,2027.77,52.3,QDD_Main
UH-111,2534627.29,6713987.03,2001.21,61.18,QDD_Main
UH-112,2534775.56,6713943.18,2000.75,62.65,QDD_Main
UH-114,2534108.16,6714181.26,1955.75,62.3,QDD_Main
UH-115,2534775.57,6713943.18,2000.75,55.2,QDD_Main
UH-116,2534108.14,6714205.79,1956.18,62.5,QDD_Main
UH-118,2534108.27,6714155.39,1956.56,61.95,QDD_Main
UH-119,2534108.24,6714129.62,1956.79,60.05,QDD_Main
UH-12,2534637.1,6713947.75,2028.16,54.75,QDD_Main
UH-120,2534105.8,6714229.98,1956.14,55,QDD_Main
UH-121,2534105.03,6714203.81,1956.22,57.4,QDD_Main
UH-124,2534105.78,6714155.27,1956.51,58,QDD_Main
UH-125,2534105.43,6714179.7,1956.31,60.14,QDD_Main
UH-126,2534105.53,6714127.45,1955.75,63.38,QDD_Main
UH-127,2534107.46,6714221.47,1956.13,59,QDD_Main
UH-128,2534108.18,6714195.53,1956.24,60.15,QDD_Main
UH-13,2534626.55,6713940.01,2028.1,54.66,QDD_Main
UH-14,2534618.54,6713934.03,2028.05,54.81,QDD_Main
UH-15,2534686.73,6713985.13,2027.89,53.39,QDD_Main
UH-16,2534697.12,6713992.41,2027.91,52.67,QDD_Main
UH-17,2534648.02,6713952.99,2027.97,50.39,QDD_Main
UH-18,2534737.1,6714022.27,2027.64,54.06,QDD_Main
UH-19,2534757.02,6714037.36,2027.86,48.81,QDD_Main
UH-2,2534623.44,6713944.16,2082.5,31.47,QDD_Main
UH-20,2534746.79,6714030.17,2027.88,52,QDD_Main
UH-21,2534755.16,6713920.9,2027.45,55.83,QDD_Main
UH-22,2534744.52,6713914.39,2027.93,50.13,QDD_Main
UH-23,2534707.17,6714000.23,2027.71,59.41,QDD_Main
UH-24,2534734.27,6713907.07,2027.4,54.27,QDD_Main
UH-25,2534717.42,6714007.67,2027.71,57.02,QDD_Main
UH-26,2534726.7,6714014.57,2027.61,60.29,QDD_Main
UH-27,2534638.66,6713945.58,2028.05,58.04,QDD_Main
UH-28,2534658.59,6713960.59,2027.96,58,QDD_Main
UH-29,2534724.13,6713899.95,2027.4,48.23,QDD_Main
UH-3,2534622.39,6713946.59,2082.55,23.49,QDD_Main
UH-30,2534738.5,6714020.19,2027.8,33.3,QDD_Main
UH-31,2534602.9,6713934.66,2028.15,44.7,QDD_Main
UH-32,2534587.19,6713935.16,2028.18,32.19,QDD_Main
UH-33,2534575.02,6713935.52,2028.24,26.5,QDD_Main
UH-34,2534440.21,6713938.46,2028.97,33.66,QDD_Main
UH-35,2534472.17,6713937.66,2028.77,41.49,QDD_Main
UH-36,2534442.43,6713935.68,2028.86,44.44,QDD_Main
UH-37,2534410.54,6713936.44,2029,50.18,QDD_Main
UH-38,2534795.19,6713945.22,2001.65,47.07,QDD_Main
UH-39,2534759.55,6713947.16,2001.58,41.84,QDD_Main
UH-4,2534592.21,6713934.9,2082.46,29.47,QDD_Main
UH-40,2534766.32,6713938.04,2001.71,50.02,QDD_Main
UH-41,2534726.27,6713949,2001.97,60.51,QDD_Main
UH-42,2534505.47,6713934.25,2028.64,43.47,QDD_Main
UH-43,2534724,6713949.78,2001.9,64.01,QDD_Main
UH-44,2534521.26,6713933.98,2028.53,50.09,QDD_Main
UH-45,2534586.42,6713999.98,2000.75,62.85,QDD_Main
UH-46,2534558.98,6713995.21,2002.63,60.32,QDD_Main
UH-48,2534660,6713978,2000.8,59.6,QDD_Main
UH-49,2534626.7,6713987.26,2002.69,64.45,QDD_Main
UH-5,2534594.18,6713932.11,2082.5,35.07,QDD_Main
UH-50,2534623.91,6713992.01,2002.59,41.7,QDD_Main
UH-51,2534701.46,6713963.47,2002.28,60.13,QDD_Main
UH-52,2534724.6,6713949.08,2002.03,61.37,QDD_Main
UH-53,2534094.4,6714215.41,1992.51,58.83,QDD_Main
UH-54,2534072.87,6714171.41,1990.75,58.1,QDD_Main
UH-55,2534129.34,6714267.09,1990.75,35,QDD_Main
UH-57,2534763.68,6713959.54,2027.35,38.58,QDD_Main
UH-6,2534654.65,6713931.05,2082.52,49.97,QDD_Main
UH-7,2534656.81,6713932.06,2082.5,30.09,QDD_Main
UH-79,2534741.97,6713988.1,2027.6,53.88,QDD_Main
UH-8,2534637,6713949,2082.8,36.05,QDD_Main
UH-80,2534539.79,6713979.02,2002.82,61.6,QDD_Main
UH-81,2534534.68,6713972.49,2002.89,47.4,QDD_Main
UH-82,2534586.41,6713999.98,2000.75,60.2,QDD_Main
UH-83,2534541.75,6713981.55,2002.82,48.73,QDD_Main
UH-85,2534558.9,6713995.21,2002.63,49.82,QDD_Main
UH-86,2534591.19,6714001.6,2001.65,65,QDD_Main
UH-87,2534572.2,6713997.97,2001.65,53.02,QDD_Main
UH-88,2534623.99,6713992.01,2000.75,62.02,QDD_Main
UH-89,2534442.41,6713935.7,2027.75,60.72,QDD_Main
UH-9,2534667.31,6713969.98,2027.95,54.02,QDD_Main
UH-91,2534726.27,6713949,2000.75,47.68,QDD_Main
UH-93,2534410.54,6713936.45,2027.75,16.4,QDD_Main
UH-95,2534659.76,6713977.99,2000.75,49.4,QDD_Main
UH-96,2534746.61,6713944.81,2000.75,46.36,QDD_Main
UH-98,2534724.25,6713948.98,2000.75,40.7,QDD_Main
